CA-2017-152156,8/11/2017,11/11/2017,Second Class,CG-12520,Consumer,United States,Henderson,Kentucky,South,FUR-BO-10001798,Furniture,Bookcases,262
CA-2017-161389,5/12/2017,10/12/2017,Standard Class,IM-15070,Consumer,United States,Seattle,Washington,West,OFF-BI-10003656,Office Supplies,Binders,408
CA-2017-117590,8/12/2017,10/12/2017,First Class,GH-14485,Corporate,United States,Richardson,Texas,Central,TEC-PH-10004977,Technology,Phones,1098
CA-2015-106376,5/12/2015,10/12/2015,Standard Class,BS-11590,Corporate,United States,Gilbert,Arizona,West,OFF-AR-10002671,Office Supplies,Art,1113
CA-2017-119823,4/6/2017,6/6/2017,First Class,KD-16270,Consumer,United States,Springfield,Virginia,South,OFF-PA-10000482,Office Supplies,Paper,76
US-2018-118038,9/12/2018,11/12/2018,First Class,KB-16600,Corporate,United States,Houston,Texas,Central,OFF-BI-10004182,Office Supplies,Binders,1
CA-2016-149734,3/9/2016,8/9/2016,Standard Class,JC-16105,Corporate,United States,Durham,North Carolina,South,OFF-EN-10000927,Office Supplies,Envelopes,201
CA-2017-159695,5/4/2017,10/4/2017,Second Class,GM-14455,Home Office,United States,Houston,Texas,Central,OFF-ST-10003442,Office Supplies,Storage,158
US-2018-109484,6/11/2018,12/11/2018,Standard Class,RB-19705,Home Office,United States,Portland,Oregon,West,OFF-BI-10004738,Office Supplies,Binders,6
CA-2018-161018,9/11/2018,11/11/2018,Second Class,PN-18775,Home Office,United States,New York City,New York,East,FUR-FU-10000629,Furniture,Furnishings,97
CA-2017-149223,6/9/2017,11/9/2017,Standard Class,ER-13855,Corporate,United States,Saint Paul,Minnesota,Central,OFF-AP-10000358,Office Supplies,Appliances,78
CA-2017-129903,1/12/2017,4/12/2017,Second Class,GZ-14470,Consumer,United States,Rochester,Minnesota,Central,OFF-PA-10004040,Office Supplies,Paper,24
CA-2017-128867,3/11/2017,10/11/2017,Standard Class,CL-12565,Consumer,United States,Urbandale,Iowa,Central,OFF-AR-10000380,Office Supplies,Art,76
CA-2016-110457,2/3/2016,6/3/2016,Standard Class,DK-13090,Consumer,United States,Seattle,Washington,West,FUR-TA-10001768,Furniture,Tables,788
US-2016-136476,5/4/2016,10/4/2016,Standard Class,GG-14650,Corporate,United States,Bristol,Tennessee,South,OFF-BI-10003650,Office Supplies,Binders,158
US-2018-107272,5/11/2018,12/11/2018,Standard Class,TS-21610,Consumer,United States,Phoenix,Arizona,West,OFF-BI-10003274,Office Supplies,Binders,2
US-2017-125969,6/11/2017,10/11/2017,Second Class,LS-16975,Home Office,United States,Los Angeles,California,West,FUR-CH-10001146,Furniture,Chairs,81
US-2018-164147,2/2/2018,5/2/2018,First Class,DW-13585,Corporate,United States,Columbus,Ohio,East,TEC-PH-10002293,Technology,Phones,60
CA-2017-110366,5/9/2017,7/9/2017,Second Class,JD-15895,Corporate,United States,Philadelphia,Pennsylvania,East,FUR-FU-10004848,Furniture,Furnishings,83
CA-2016-110744,7/9/2016,12/9/2016,Standard Class,HA-14920,Consumer,United States,Pasadena,California,West,OFF-ST-10003656,Office Supplies,Storage,672
CA-2017-114489,5/12/2017,9/12/2017,Standard Class,JE-16165,Corporate,United States,Franklin,Wisconsin,Central,TEC-PH-10000215,Technology,Phones,384
CA-2015-104269,1/3/2015,6/3/2015,Second Class,DB-13060,Consumer,United States,Seattle,Washington,West,FUR-CH-10004063,Furniture,Chairs,458
CA-2017-162733,11/5/2017,12/5/2017,First Class,TT-21070,Consumer,United States,Los Angeles,California,West,OFF-PA-10002751,Office Supplies,Paper,6
CA-2017-113817,7/11/2017,11/11/2017,Standard Class,MJ-17740,Consumer,United States,Seattle,Washington,West,OFF-BI-10004002,Office Supplies,Binders,28
CA-2015-139892,8/9/2015,12/9/2015,Standard Class,BM-11140,Consumer,United States,San Antonio,Texas,Central,OFF-AR-10004441,Office Supplies,Art,10
CA-2015-118962,5/8/2015,9/8/2015,Standard Class,CS-12130,Consumer,United States,Los Angeles,California,West,OFF-PA-10000659,Office Supplies,Paper,21
CA-2015-166191,5/12/2015,9/12/2015,Second Class,DK-13150,Corporate,United States,Decatur,Illinois,Central,OFF-ST-10003455,Office Supplies,Storage,25
CA-2015-133690,3/8/2015,5/8/2015,First Class,BS-11755,Consumer,United States,Denver,Colorado,West,FUR-TA-10004289,Furniture,Tables,219
CA-2018-126382,3/6/2018,7/6/2018,Standard Class,HK-14890,Corporate,United States,Franklin,Tennessee,South,FUR-FU-10002960,Furniture,Furnishings,35
CA-2018-135860,1/12/2018,7/12/2018,Standard Class,JH-15985,Consumer,United States,Saginaw,Michigan,Central,OFF-ST-10000642,Office Supplies,Storage,84
CA-2016-146262,2/1/2016,9/1/2016,Standard Class,VW-21775,Corporate,United States,Medina,Ohio,East,OFF-LA-10004544,Office Supplies,Labels,24
US-2018-100930,7/4/2018,12/4/2018,Standard Class,CS-12400,Home Office,United States,Tampa,Florida,South,FUR-TA-10001705,Furniture,Tables,234
CA-2017-157749,4/6/2017,9/6/2017,Second Class,KL-16645,Consumer,United States,Chicago,Illinois,Central,OFF-PA-10003349,Office Supplies,Paper,26
CA-2015-131926,1/6/2015,6/6/2015,Second Class,DW-13480,Home Office,United States,Lakeville,Minnesota,Central,FUR-CH-10004063,Furniture,Chairs,2002
CA-2018-163139,1/12/2018,3/12/2018,Second Class,CC-12670,Consumer,United States,New York City,New York,East,TEC-AC-10000290,Technology,Accessories,20
US-2018-155299,8/6/2018,12/6/2018,Standard Class,Dl-13600,Corporate,United States,Pasadena,Texas,Central,OFF-AP-10002203,Office Supplies,Appliances,2
CA-2016-130890,2/11/2016,6/11/2016,Standard Class,JO-15280,Consumer,United States,Los Angeles,California,West,FUR-TA-10002903,Furniture,Tables,1039
CA-2016-144253,4/5/2016,9/5/2016,Second Class,AS-10225,Corporate,United States,New York City,New York,East,FUR-FU-10002671,Furniture,Furnishings,27
CA-2015-111003,1/6/2015,6/6/2015,Standard Class,CR-12625,Home Office,United States,Lakewood,New Jersey,East,OFF-BI-10001072,Office Supplies,Binders,45
CA-2015-164973,4/11/2015,9/11/2015,Standard Class,NM-18445,Home Office,United States,New York City,New York,East,FUR-CH-10002602,Furniture,Chairs,136
CA-2018-153339,3/11/2018,5/11/2018,Second Class,DJ-13510,Corporate,United States,Murfreesboro,Tennessee,South,FUR-FU-10001967,Furniture,Furnishings,16
CA-2016-137946,1/9/2016,4/9/2016,Second Class,DB-13615,Consumer,United States,Los Angeles,California,West,OFF-BI-10001922,Office Supplies,Binders,5
CA-2018-134306,8/7/2018,12/7/2018,Standard Class,TD-20995,Consumer,United States,Lowell,Massachusetts,East,OFF-AR-10004027,Office Supplies,Art,8
CA-2017-129714,1/9/2017,3/9/2017,First Class,AB-10060,Home Office,United States,New York City,New York,East,TEC-AC-10000290,Technology,Accessories,7
CA-2018-155698,8/3/2018,11/3/2018,First Class,VB-21745,Corporate,United States,Columbus,Georgia,South,OFF-AP-10001124,Office Supplies,Appliances,648
CA-2016-122756,3/12/2016,7/12/2016,Standard Class,DK-13225,Corporate,United States,Philadelphia,Pennsylvania,East,TEC-MA-10001681,Technology,Machines,482
US-2015-134971,7/6/2015,10/6/2015,Second Class,BP-11095,Corporate,United States,Peoria,Illinois,Central,OFF-BI-10003982,Office Supplies,Binders,12
CA-2017-108987,8/9/2017,10/9/2017,Second Class,AG-10675,Consumer,United States,Houston,Texas,Central,OFF-ST-10001580,Office Supplies,Storage,36
CA-2018-117457,8/12/2018,12/12/2018,Standard Class,KH-16510,Consumer,United States,San Francisco,California,West,TEC-AC-10000158,Technology,Accessories,180
CA-2018-142636,3/11/2018,7/11/2018,Standard Class,KC-16675,Corporate,United States,Seattle,Washington,West,OFF-PA-10000157,Office Supplies,Paper,140
CA-2018-154816,6/11/2018,10/11/2018,Standard Class,VB-21745,Corporate,United States,Richmond,Kentucky,South,OFF-PA-10003845,Office Supplies,Paper,6
CA-2018-110478,4/3/2018,9/3/2018,Standard Class,SP-20860,Corporate,United States,Los Angeles,California,West,OFF-AR-10001573,Office Supplies,Art,9
CA-2018-152275,1/10/2018,8/10/2018,Standard Class,KH-16630,Corporate,United States,San Antonio,Texas,Central,OFF-AR-10000369,Office Supplies,Art,7
CA-2017-127369,6/6/2017,7/6/2017,First Class,DB-13060,Consumer,United States,Lowell,Massachusetts,East,OFF-ST-10003306,Office Supplies,Storage,714
CA-2017-115756,5/9/2017,7/9/2017,Second Class,PK-19075,Consumer,United States,Detroit,Michigan,Central,FUR-FU-10000246,Furniture,Furnishings,12
CA-2017-166674,1/4/2017,3/4/2017,Second Class,RB-19360,Consumer,United States,Auburn,New York,East,OFF-AR-10000588,Office Supplies,Art,60
CA-2015-144666,9/11/2015,11/11/2015,Second Class,JP-15520,Consumer,United States,San Francisco,California,West,OFF-ST-10002743,Office Supplies,Storage,341
CA-2015-134677,6/10/2015,10/10/2015,Standard Class,XP-21865,Consumer,United States,San Diego,California,West,TEC-AC-10001445,Technology,Accessories,9
US-2016-138303,3/9/2016,7/9/2016,Standard Class,MG-18145,Consumer,United States,Philadelphia,Pennsylvania,East,OFF-ST-10004963,Office Supplies,Storage,36
CA-2016-102848,7/11/2016,9/11/2016,Second Class,KB-16240,Corporate,United States,Los Angeles,California,West,FUR-CH-10000595,Furniture,Chairs,191
US-2018-129441,7/9/2018,11/9/2018,Standard Class,JC-15340,Consumer,United States,Los Angeles,California,West,FUR-FU-10000448,Furniture,Furnishings,48
US-2018-122637,3/9/2018,8/9/2018,Second Class,EP-13915,Consumer,United States,Chicago,Illinois,Central,OFF-BI-10002429,Office Supplies,Binders,43
CA-2016-147851,3/12/2016,8/12/2016,Standard Class,MP-17470,Home Office,United States,New York City,New York,East,OFF-BI-10004528,Office Supplies,Binders,11
CA-2016-134894,7/12/2016,11/12/2016,Standard Class,DK-12985,Consumer,United States,Henderson,Kentucky,South,OFF-AP-10001271,Office Supplies,Appliances,153
CA-2015-140795,1/2/2015,3/2/2015,First Class,BD-11500,Consumer,United States,Green Bay,Wisconsin,Central,TEC-AC-10001432,Technology,Accessories,469
CA-2018-112774,11/9/2018,12/9/2018,First Class,RC-19960,Consumer,United States,Jacksonville,Florida,South,FUR-FU-10003039,Furniture,Furnishings,35
CA-2015-155852,3/3/2015,7/3/2015,Second Class,AJ-10945,Consumer,United States,Wilmington,North Carolina,South,OFF-AR-10003560,Office Supplies,Art,19
CA-2016-130736,7/12/2016,9/12/2016,First Class,JF-15490,Consumer,United States,Seattle,Washington,West,OFF-FA-10003467,Office Supplies,Fasteners,4
CA-2018-137099,7/12/2018,10/12/2018,First Class,FP-14320,Consumer,United States,Los Angeles,California,West,TEC-PH-10002496,Technology,Phones,374
CA-2018-156951,1/10/2018,8/10/2018,Standard Class,EB-13840,Corporate,United States,Seattle,Washington,West,OFF-PA-10004530,Office Supplies,Paper,92
CA-2017-127250,3/11/2017,7/11/2017,Standard Class,SF-20200,Consumer,United States,Marysville,Washington,West,OFF-AR-10003394,Office Supplies,Art,9
CA-2018-145233,1/12/2018,5/12/2018,Standard Class,DV-13465,Consumer,United States,Denver,Colorado,West,TEC-PH-10004977,Technology,Phones,470
CA-2016-128139,3/7/2016,9/7/2016,Standard Class,BD-11725,Consumer,United States,Richmond,Kentucky,South,FUR-CH-10003956,Furniture,Chairs,71
CA-2016-168004,4/10/2016,9/10/2016,Second Class,DJ-13420,Corporate,United States,Warner Robins,Georgia,South,FUR-CH-10001482,Furniture,Chairs,393
CA-2017-103947,1/4/2017,8/4/2017,Standard Class,BB-10990,Corporate,United States,Sierra Vista,Arizona,West,OFF-FA-10003112,Office Supplies,Fasteners,32
CA-2017-143308,4/11/2017,4/11/2017,Same Day,RC-19825,Consumer,United States,Louisville,Kentucky,South,OFF-FA-10000621,Office Supplies,Fasteners,11
CA-2018-132682,8/6/2018,10/6/2018,Second Class,TH-21235,Corporate,United States,Dallas,Texas,Central,OFF-SU-10004231,Office Supplies,Supplies,24
CA-2018-130351,5/12/2018,8/12/2018,First Class,RB-19570,Consumer,United States,Columbus,Indiana,Central,OFF-AP-10004532,Office Supplies,Appliances,61
US-2018-168116,4/11/2018,4/11/2018,Same Day,GT-14635,Corporate,United States,Burlington,North Carolina,South,TEC-MA-10004125,Technology,Machines,8000
CA-2015-157784,5/7/2015,8/7/2015,First Class,MC-17845,Consumer,United States,Jackson,Mississippi,South,TEC-AC-10003911,Technology,Accessories,480
CA-2018-114552,2/9/2018,8/9/2018,Standard Class,Dl-13600,Corporate,United States,Cleveland,Ohio,East,FUR-FU-10002960,Furniture,Furnishings,15
CA-2017-163755,4/11/2017,8/11/2017,Second Class,AS-10285,Corporate,United States,Seattle,Washington,West,FUR-FU-10003394,Furniture,Furnishings,210
CA-2015-112158,2/12/2015,4/12/2015,First Class,DP-13165,Consumer,United States,New York City,New York,East,TEC-AC-10003628,Technology,Accessories,120
CA-2015-113887,5/4/2015,7/4/2015,First Class,TH-21550,Home Office,United States,New York City,New York,East,OFF-PA-10004071,Office Supplies,Paper,55
CA-2018-146136,3/9/2018,7/9/2018,Standard Class,AP-10915,Consumer,United States,Palm Coast,Florida,South,OFF-EN-10001219,Office Supplies,Envelopes,24
CA-2015-153150,1/7/2015,6/7/2015,Second Class,Dl-13600,Corporate,United States,Seattle,Washington,West,OFF-BI-10003355,Office Supplies,Binders,20
CA-2015-104472,2/6/2015,7/6/2015,Standard Class,CK-12325,Home Office,United States,Orem,Utah,West,OFF-BI-10001658,Office Supplies,Binders,60
CA-2017-114713,7/7/2017,12/7/2017,Standard Class,SC-20695,Corporate,United States,Hialeah,Florida,South,OFF-SU-10004664,Office Supplies,Supplies,46
US-2017-150861,3/12/2017,6/12/2017,First Class,EG-13900,Consumer,United States,Oceanside,New York,East,OFF-PA-10001954,Office Supplies,Paper,183
CA-2015-132500,8/9/2015,12/9/2015,Standard Class,GZ-14470,Consumer,United States,San Francisco,California,West,TEC-AC-10001383,Technology,Accessories,50
CA-2015-112326,4/1/2015,8/1/2015,Standard Class,PO-19195,Home Office,United States,Naperville,Illinois,Central,OFF-LA-10003223,Office Supplies,Labels,12
CA-2018-126074,2/10/2018,6/10/2018,Standard Class,RF-19735,Consumer,United States,Trenton,Michigan,Central,OFF-BI-10003638,Office Supplies,Binders,58
CA-2017-110499,7/4/2017,9/4/2017,First Class,YC-21895,Corporate,United States,San Francisco,California,West,TEC-CO-10002095,Technology,Copiers,1200
CA-2016-135272,7/12/2016,12/12/2016,Standard Class,MS-17830,Consumer,United States,Los Angeles,California,West,FUR-FU-10002759,Furniture,Furnishings,80
CA-2018-126046,3/11/2018,7/11/2018,Standard Class,JC-16105,Corporate,United States,Atlanta,Georgia,South,OFF-LA-10004484,Office Supplies,Labels,12
US-2016-157014,3/10/2016,6/10/2016,Second Class,BM-11785,Consumer,United States,Columbus,Ohio,East,OFF-BI-10001098,Office Supplies,Binders,32
CA-2015-134313,1/11/2015,7/11/2015,Standard Class,RA-19915,Consumer,United States,Denver,Colorado,West,OFF-AR-10001897,Office Supplies,Art,43
CA-2016-140921,3/2/2016,5/2/2016,First Class,AA-10375,Consumer,United States,Omaha,Nebraska,Central,FUR-FU-10003347,Furniture,Furnishings,28
US-2018-156083,4/11/2018,11/11/2018,Standard Class,JL-15175,Home Office,United States,Columbia,Tennessee,South,OFF-PA-10001560,Office Supplies,Paper,10
US-2017-137547,7/3/2017,12/3/2017,Standard Class,EB-13705,Corporate,United States,Fort Worth,Texas,Central,TEC-PH-10002365,Technology,Phones,21
CA-2017-161669,7/11/2017,9/11/2017,First Class,EM-14095,Corporate,United States,Los Angeles,California,West,OFF-BI-10001294,Office Supplies,Binders,37
CA-2018-107503,1/1/2018,6/1/2018,Standard Class,GA-14725,Consumer,United States,Lorain,Ohio,East,FUR-FU-10003878,Furniture,Furnishings,49
CA-2015-107755,7/2/2015,12/2/2015,Standard Class,CK-12760,Corporate,United States,Linden,New Jersey,East,TEC-AC-10000710,Technology,Accessories,115
CA-2015-125612,3/8/2015,8/8/2015,Standard Class,BK-11260,Consumer,United States,New York City,New York,East,OFF-PA-10001019,Office Supplies,Paper,40
CA-2017-134474,5/1/2017,7/1/2017,Second Class,AJ-10795,Corporate,United States,Jacksonville,Florida,South,TEC-AC-10001714,Technology,Accessories,191
CA-2015-136742,6/4/2015,10/4/2015,Standard Class,GP-14740,Corporate,United States,Lancaster,Pennsylvania,East,OFF-BI-10003719,Office Supplies,Binders,45
CA-2017-158099,3/9/2017,5/9/2017,First Class,PK-18910,Home Office,United States,Philadelphia,Pennsylvania,East,OFF-BI-10000545,Office Supplies,Binders,1141
CA-2017-105494,10/11/2017,12/11/2017,First Class,PC-18745,Corporate,United States,San Francisco,California,West,OFF-ST-10002205,Office Supplies,Storage,156
CA-2017-140634,3/10/2017,6/10/2017,Second Class,HL-15040,Consumer,United States,Houston,Texas,Central,OFF-EN-10001099,Office Supplies,Envelopes,16
US-2017-114622,10/4/2017,12/4/2017,First Class,JR-16210,Corporate,United States,Springfield,Ohio,East,OFF-BI-10004716,Office Supplies,Binders,9
CA-2017-130477,8/4/2017,12/4/2017,Standard Class,LC-17140,Consumer,United States,Los Angeles,California,West,OFF-PA-10002947,Office Supplies,Paper,20
CA-2018-137596,2/9/2018,7/9/2018,Standard Class,BE-11335,Home Office,United States,Jackson,Michigan,Central,TEC-PH-10001494,Technology,Phones,1200
CA-2017-165218,5/3/2017,11/3/2017,Standard Class,RW-19630,Corporate,United States,Dallas,Texas,Central,OFF-EN-10000056,Office Supplies,Envelopes,149
CA-2015-138296,5/12/2015,12/12/2015,Standard Class,RC-19825,Consumer,United States,Alexandria,Virginia,South,OFF-ST-10002444,Office Supplies,Storage,25
CA-2016-115091,5/10/2016,9/10/2016,Standard Class,JJ-15760,Home Office,United States,Springfield,Virginia,South,OFF-AR-10000658,Office Supplies,Art,46
CA-2018-114216,2/9/2018,6/9/2018,Standard Class,RK-19300,Consumer,United States,Philadelphia,Pennsylvania,East,OFF-PA-10002195,Office Supplies,Paper,12
US-2018-111745,5/11/2018,6/11/2018,First Class,RA-19885,Corporate,United States,Farmington,New Mexico,West,TEC-AC-10003911,Technology,Accessories,160
CA-2018-131156,3/4/2018,7/4/2018,Standard Class,KH-16360,Consumer,United States,Philadelphia,Pennsylvania,East,FUR-FU-10001940,Furniture,Furnishings,25
CA-2017-120859,1/9/2017,4/9/2017,First Class,CV-12805,Corporate,United States,San Francisco,California,West,OFF-EN-10001335,Office Supplies,Envelopes,22
CA-2018-135279,9/4/2018,11/4/2018,First Class,BS-11800,Home Office,United States,New York City,New York,East,OFF-LA-10004055,Office Supplies,Labels,10
US-2018-103247,5/10/2018,8/10/2018,Second Class,PO-19195,Home Office,United States,New York City,New York,East,TEC-PH-10003555,Technology,Phones,161
CA-2018-159366,7/1/2018,10/1/2018,First Class,BW-11110,Corporate,United States,Detroit,Michigan,Central,TEC-MA-10000822,Technology,Machines,3060
CA-2016-157035,9/12/2016,12/12/2016,First Class,KB-16600,Corporate,United States,Columbus,Indiana,Central,OFF-PA-10004156,Office Supplies,Paper,34
CA-2017-144939,3/10/2017,8/10/2017,Standard Class,EB-13870,Consumer,United States,New York City,New York,East,FUR-CH-10003199,Furniture,Chairs,599
CA-2016-146829,10/3/2016,10/3/2016,Same Day,TS-21340,Consumer,United States,Houston,Texas,Central,OFF-BI-10004022,Office Supplies,Binders,1
CA-2017-110023,9/9/2017,11/9/2017,First Class,TS-21610,Consumer,United States,New York City,New York,East,OFF-BI-10001036,Office Supplies,Binders,15
CA-2016-105312,6/11/2016,9/11/2016,First Class,MT-17815,Consumer,United States,Scottsdale,Arizona,West,OFF-EN-10002600,Office Supplies,Envelopes,7
CA-2018-135034,1/8/2018,3/8/2018,First Class,AT-10735,Consumer,United States,Chicago,Illinois,Central,TEC-PH-10003931,Technology,Phones,96
CA-2016-108665,6/7/2016,10/7/2016,Standard Class,KM-16225,Corporate,United States,New York City,New York,East,FUR-FU-10002191,Furniture,Furnishings,14
CA-2017-102981,6/9/2017,9/9/2017,Second Class,MO-17500,Consumer,United States,New York City,New York,East,TEC-AC-10004761,Technology,Accessories,32
CA-2018-115651,9/7/2018,12/7/2018,First Class,NS-18640,Corporate,United States,Chicago,Illinois,Central,OFF-AR-10001130,Office Supplies,Art,9
US-2016-153500,3/7/2016,5/7/2016,First Class,DG-13300,Corporate,United States,Philadelphia,Pennsylvania,East,FUR-FU-10000293,Furniture,Furnishings,168
CA-2016-110667,4/4/2016,8/4/2016,Standard Class,NF-18595,Home Office,United States,New York City,New York,East,OFF-AR-10000716,Office Supplies,Art,11
CA-2017-157686,1/10/2017,2/10/2017,First Class,BD-11620,Consumer,United States,San Francisco,California,West,FUR-CH-10001146,Furniture,Chairs,195
US-2017-143819,1/3/2017,5/3/2017,Standard Class,KD-16270,Consumer,United States,Yonkers,New York,East,FUR-TA-10001095,Furniture,Tables,837
CA-2017-167584,12/8/2017,12/8/2017,Same Day,LC-16870,Consumer,United States,Des Moines,Iowa,Central,OFF-PA-10000029,Office Supplies,Paper,6
CA-2018-158407,4/6/2018,10/6/2018,Standard Class,LW-16990,Corporate,United States,Monroe,North Carolina,South,FUR-FU-10001967,Furniture,Furnishings,32
CA-2016-142755,4/9/2016,8/9/2016,Standard Class,CS-12355,Consumer,United States,Roswell,Georgia,South,OFF-PA-10001970,Office Supplies,Paper,280
CA-2016-105970,2/3/2016,7/3/2016,Standard Class,PA-19060,Home Office,United States,Richmond,Indiana,Central,OFF-AR-10003156,Office Supplies,Art,10
US-2017-114776,6/12/2017,7/12/2017,First Class,GG-14650,Corporate,United States,Antioch,California,West,OFF-PA-10004100,Office Supplies,Paper,19
US-2017-134908,5/6/2017,9/6/2017,Standard Class,JS-15940,Home Office,United States,Philadelphia,Pennsylvania,East,OFF-ST-10003479,Office Supplies,Storage,125
US-2017-148803,11/12/2017,11/12/2017,Same Day,LR-16915,Consumer,United States,Homestead,Florida,South,OFF-ST-10001476,Office Supplies,Storage,85
CA-2016-112452,4/4/2016,4/4/2016,Same Day,NC-18340,Consumer,United States,Lansing,Michigan,Central,OFF-AP-10003849,Office Supplies,Appliances,644
CA-2017-149314,2/7/2017,7/7/2017,Second Class,GB-14530,Corporate,United States,Los Angeles,California,West,FUR-CH-10002126,Furniture,Chairs,195
CA-2015-126522,1/9/2015,5/9/2015,Second Class,LT-16765,Consumer,United States,Escondido,California,West,OFF-AR-10004042,Office Supplies,Art,54
CA-2015-127964,3/3/2015,8/3/2015,Standard Class,AP-10720,Home Office,United States,New York City,New York,East,TEC-PH-10004700,Technology,Phones,10
CA-2015-117709,4/5/2015,8/5/2015,Standard Class,PM-18940,Consumer,United States,Jackson,Michigan,Central,OFF-BI-10001294,Office Supplies,Binders,47
CA-2016-125416,2/11/2016,2/11/2016,Same Day,KC-16540,Consumer,United States,Seattle,Washington,West,TEC-AC-10001552,Technology,Accessories,448
CA-2018-145226,8/12/2018,10/12/2018,Second Class,DL-13315,Consumer,United States,New York City,New York,East,FUR-FU-10004952,Furniture,Furnishings,109
CA-2017-113621,1/12/2017,5/12/2017,Standard Class,JE-15745,Consumer,United States,Rockville,Maryland,East,FUR-CH-10001270,Furniture,Chairs,172
CA-2017-130946,8/4/2017,12/4/2017,Standard Class,ZC-21910,Consumer,United States,Houston,Texas,Central,TEC-AC-10001990,Technology,Accessories,432
CA-2018-133235,1/8/2018,4/8/2018,First Class,LH-16750,Consumer,United States,Charlotte,North Carolina,South,TEC-PH-10002660,Technology,Phones,272
CA-2017-126004,4/12/2017,5/12/2017,First Class,BM-11140,Consumer,United States,New York City,New York,East,FUR-FU-10001602,Furniture,Furnishings,114
CA-2018-100013,6/11/2018,11/11/2018,Standard Class,ZC-21910,Consumer,United States,Los Angeles,California,West,OFF-EN-10001219,Office Supplies,Envelopes,15
CA-2016-154956,4/7/2016,9/7/2016,Standard Class,IM-15070,Consumer,United States,Milwaukee,Wisconsin,Central,TEC-PH-10004165,Technology,Phones,1100
CA-2018-105053,7/7/2018,9/7/2018,Second Class,CS-12355,Consumer,United States,Long Beach,New York,East,OFF-BI-10001634,Office Supplies,Binders,17
CA-2017-155992,1/10/2017,2/10/2017,First Class,CC-12220,Consumer,United States,La Porte,Indiana,Central,TEC-PH-10000215,Technology,Phones,70
CA-2018-110380,2/9/2018,7/9/2018,Standard Class,PF-19225,Consumer,United States,San Francisco,California,West,OFF-AR-10000422,Office Supplies,Art,7
CA-2018-100426,4/6/2018,8/6/2018,Standard Class,DC-12850,Consumer,United States,Florence,Alabama,South,OFF-PA-10002870,Office Supplies,Paper,12
CA-2017-148698,2/5/2017,7/5/2017,Standard Class,BD-11770,Consumer,United States,Houston,Texas,Central,OFF-AR-10004022,Office Supplies,Art,86
CA-2015-163293,8/9/2015,11/9/2015,First Class,KC-16255,Corporate,United States,Macon,Georgia,South,TEC-AC-10004209,Technology,Accessories,33
CA-2017-160815,5/9/2017,6/9/2017,First Class,TR-21325,Consumer,United States,Cedar Rapids,Iowa,Central,TEC-PH-10003505,Technology,Phones,278
CA-2018-122154,9/4/2018,11/4/2018,First Class,SA-20830,Consumer,United States,Jacksonville,Florida,South,OFF-LA-10000121,Office Supplies,Labels,15
US-2016-149692,6/12/2016,12/12/2016,Standard Class,KW-16435,Consumer,United States,Austin,Texas,Central,OFF-BI-10002813,Office Supplies,Binders,3
CA-2016-124268,4/7/2016,8/7/2016,Standard Class,AD-10180,Home Office,United States,New York City,New York,East,OFF-AR-10004817,Office Supplies,Art,15
CA-2017-163384,10/11/2017,12/11/2017,First Class,CC-12430,Home Office,United States,San Francisco,California,West,OFF-BI-10004970,Office Supplies,Binders,13
CA-2017-134425,8/12/2017,12/12/2017,Second Class,QJ-19255,Corporate,United States,Saint Paul,Minnesota,Central,TEC-PH-10003555,Technology,Phones,115
CA-2016-121391,4/10/2016,7/10/2016,First Class,AA-10315,Consumer,United States,San Francisco,California,West,OFF-ST-10001590,Office Supplies,Storage,27
US-2018-126179,3/7/2018,7/7/2018,Standard Class,CS-12460,Consumer,United States,Columbus,Georgia,South,FUR-FU-10002554,Furniture,Furnishings,24
CA-2015-160773,1/7/2015,5/7/2015,Standard Class,LW-16825,Corporate,United States,Deltona,Florida,South,TEC-PH-10004586,Technology,Phones,576
CA-2018-167703,3/2/2018,8/2/2018,Standard Class,MC-17575,Consumer,United States,Cincinnati,Ohio,East,OFF-BI-10002071,Office Supplies,Binders,5
CA-2018-121804,3/3/2018,8/3/2018,Standard Class,LP-17095,Consumer,United States,Murray,Kentucky,South,OFF-AP-10004859,Office Supplies,Appliances,73
CA-2018-162635,9/10/2018,10/10/2018,First Class,EB-14170,Consumer,United States,Wilmington,North Carolina,South,OFF-PA-10002659,Office Supplies,Paper,11
CA-2018-127705,2/6/2018,6/6/2018,Standard Class,AB-10255,Home Office,United States,Lorain,Ohio,East,TEC-PH-10000347,Technology,Phones,3
CA-2015-121664,6/5/2015,10/5/2015,Standard Class,HP-14815,Home Office,United States,Los Angeles,California,West,OFF-BI-10003684,Office Supplies,Binders,141
US-2018-123281,2/4/2018,7/4/2018,Standard Class,JF-15190,Consumer,United States,Los Angeles,California,West,FUR-FU-10003724,Furniture,Furnishings,25
CA-2018-113481,2/1/2018,4/1/2018,First Class,AS-10045,Corporate,United States,Jacksonville,North Carolina,South,TEC-MA-10002178,Technology,Machines,696
CA-2015-153976,3/10/2015,8/10/2015,Second Class,BP-11290,Consumer,United States,Evanston,Illinois,Central,FUR-CH-10002880,Furniture,Chairs,258
CA-2018-162978,4/5/2018,9/5/2018,Standard Class,LW-16990,Corporate,United States,San Francisco,California,West,TEC-PH-10003092,Technology,Phones,184
US-2015-160444,5/7/2015,5/7/2015,Same Day,DC-12850,Consumer,United States,Houston,Texas,Central,OFF-ST-10001522,Office Supplies,Storage,221
CA-2017-145247,5/5/2017,7/5/2017,First Class,ND-18370,Consumer,United States,Louisville,Kentucky,South,OFF-PA-10003641,Office Supplies,Paper,79
US-2018-155425,10/11/2018,11/11/2018,First Class,AB-10600,Corporate,United States,Tucson,Arizona,West,OFF-BI-10001036,Office Supplies,Binders,38
CA-2018-133249,8/7/2018,11/7/2018,First Class,SZ-20035,Home Office,United States,Pico Rivera,California,West,FUR-FU-10001588,Furniture,Furnishings,146
CA-2018-136672,7/3/2018,12/3/2018,Standard Class,MG-17890,Home Office,United States,Clinton,Maryland,East,TEC-AC-10004510,Technology,Accessories,49
US-2015-157021,1/4/2015,6/4/2015,Second Class,KM-16720,Consumer,United States,Vallejo,California,West,OFF-LA-10002312,Office Supplies,Labels,30
CA-2015-126361,4/8/2015,9/8/2015,Second Class,VD-21670,Consumer,United States,Pleasant Grove,Utah,West,OFF-AP-10003590,Office Supplies,Appliances,1090
US-2017-100566,3/9/2017,9/9/2017,Standard Class,JK-16120,Home Office,United States,Aurora,Illinois,Central,FUR-FU-10003394,Furniture,Furnishings,84
US-2017-108504,5/2/2017,5/2/2017,Same Day,PP-18955,Home Office,United States,Smyrna,Georgia,South,OFF-ST-10002344,Office Supplies,Storage,81
CA-2018-124828,3/7/2018,4/7/2018,First Class,YS-21880,Corporate,United States,Burlington,North Carolina,South,OFF-AR-10003514,Office Supplies,Art,10
CA-2017-159212,1/11/2017,5/11/2017,Standard Class,KM-16375,Home Office,United States,Salem,Virginia,South,TEC-PH-10003988,Technology,Phones,22
US-2015-118486,6/4/2015,8/4/2015,First Class,SD-20485,Home Office,United States,Philadelphia,Pennsylvania,East,OFF-SU-10004498,Office Supplies,Supplies,10
CA-2017-130407,2/9/2017,6/9/2017,Standard Class,KD-16270,Consumer,United States,New York City,New York,East,OFF-AR-10002240,Office Supplies,Art,75
CA-2018-105144,4/11/2018,11/11/2018,Standard Class,SZ-20035,Home Office,United States,Grand Prairie,Texas,Central,OFF-LA-10003923,Office Supplies,Labels,24
CA-2018-117695,5/8/2018,8/8/2018,First Class,PW-19030,Corporate,United States,Richmond,Kentucky,South,OFF-PA-10002713,Office Supplies,Paper,14
CA-2016-166135,1/10/2016,6/10/2016,Standard Class,SC-20440,Corporate,United States,Aurora,Colorado,West,OFF-ST-10002974,Office Supplies,Storage,139
CA-2016-145821,1/5/2016,7/5/2016,Standard Class,JB-15400,Corporate,United States,Los Angeles,California,West,TEC-PH-10004348,Technology,Phones,89
CA-2015-155271,4/5/2015,4/5/2015,Same Day,AA-10480,Consumer,United States,Middletown,Connecticut,East,FUR-FU-10001473,Furniture,Furnishings,27
CA-2016-119907,1/12/2016,8/12/2016,Standard Class,LC-17140,Consumer,United States,Seattle,Washington,West,OFF-BI-10001765,Office Supplies,Binders,55
US-2016-105676,1/12/2016,2/12/2016,Same Day,NM-18520,Consumer,United States,Houston,Texas,Central,FUR-FU-10004270,Furniture,Furnishings,7
US-2017-108455,2/12/2017,8/12/2017,Standard Class,MK-18160,Consumer,United States,San Francisco,California,West,OFF-PA-10002262,Office Supplies,Paper,26
CA-2016-140410,3/11/2016,7/11/2016,Standard Class,CM-12655,Home Office,United States,Los Angeles,California,West,TEC-PH-10003580,Technology,Phones,1213
CA-2018-152485,4/9/2018,8/9/2018,Standard Class,JD-15790,Consumer,United States,Coppell,Texas,Central,OFF-AR-10003759,Office Supplies,Art,10
CA-2016-153388,1/8/2016,7/8/2016,Standard Class,PC-19000,Home Office,United States,Los Angeles,California,West,OFF-AR-10001868,Office Supplies,Art,7
CA-2018-108294,10/12/2018,10/12/2018,Same Day,LS-16975,Home Office,United States,Omaha,Nebraska,Central,OFF-BI-10004965,Office Supplies,Binders,34
CA-2015-111059,3/2/2015,6/2/2015,Second Class,TB-21400,Consumer,United States,Seattle,Washington,West,OFF-BI-10004593,Office Supplies,Binders,84
CA-2016-144806,6/12/2016,11/12/2016,Standard Class,GH-14425,Consumer,United States,Tucson,Arizona,West,FUR-FU-10002253,Furniture,Furnishings,206
CA-2016-148432,7/11/2016,10/11/2016,Second Class,MC-18130,Corporate,United States,Newark,Delaware,East,OFF-FA-10004968,Office Supplies,Fasteners,26
CA-2017-139885,4/12/2017,8/12/2017,Standard Class,EB-13840,Corporate,United States,New York City,New York,East,OFF-ST-10003324,Office Supplies,Storage,213
CA-2015-107181,4/2/2015,8/2/2015,Standard Class,DB-13270,Home Office,United States,San Diego,California,West,OFF-BI-10004230,Office Supplies,Binders,83
CA-2015-134278,6/7/2015,8/7/2015,First Class,EP-13915,Consumer,United States,New York City,New York,East,TEC-CO-10001046,Technology,Copiers,560
CA-2015-130274,3/5/2015,5/5/2015,First Class,JS-15940,Home Office,United States,Appleton,Wisconsin,Central,OFF-LA-10002195,Office Supplies,Labels,22
CA-2018-120761,4/9/2018,8/9/2018,Standard Class,AB-10150,Consumer,United States,Long Beach,New York,East,TEC-AC-10000171,Technology,Accessories,92
CA-2015-105172,4/4/2015,9/4/2015,Standard Class,PK-18910,Home Office,United States,San Francisco,California,West,OFF-LA-10001641,Office Supplies,Labels,19
CA-2018-107293,5/9/2018,6/9/2018,First Class,CS-12400,Home Office,United States,Seattle,Washington,West,OFF-AR-10003732,Office Supplies,Art,3
CA-2016-158554,9/11/2016,9/11/2016,Same Day,CM-12190,Consumer,United States,Philadelphia,Pennsylvania,East,OFF-PA-10004000,Office Supplies,Paper,11
CA-2015-116239,4/3/2015,4/3/2015,Same Day,CL-12565,Consumer,United States,Columbia,South Carolina,South,OFF-ST-10001370,Office Supplies,Storage,355
US-2018-152002,11/6/2018,11/6/2018,Same Day,DV-13465,Consumer,United States,Los Angeles,California,West,OFF-PA-10000357,Office Supplies,Paper,123
CA-2016-131338,9/8/2016,12/8/2016,First Class,NP-18325,Consumer,United States,New York City,New York,East,TEC-PH-10003012,Technology,Phones,308
CA-2018-149181,8/5/2018,12/5/2018,Standard Class,MD-17350,Consumer,United States,Columbus,Ohio,East,FUR-CH-10004540,Furniture,Chairs,48
CA-2017-106530,8/5/2017,8/5/2017,Same Day,CL-12565,Consumer,United States,Cleveland,Ohio,East,OFF-ST-10002011,Office Supplies,Storage,1006
CA-2016-105221,1/11/2016,3/11/2016,First Class,VM-21685,Home Office,United States,Philadelphia,Pennsylvania,East,TEC-AC-10002323,Technology,Accessories,35
CA-2018-111647,3/7/2018,7/7/2018,Standard Class,RD-19585,Consumer,United States,Plano,Texas,Central,TEC-PH-10002726,Technology,Phones,168
CA-2016-150560,11/12/2016,12/12/2016,First Class,SW-20455,Consumer,United States,Suffolk,Virginia,South,OFF-LA-10003930,Office Supplies,Labels,197
CA-2017-147585,7/11/2017,12/11/2017,Standard Class,CB-12535,Corporate,United States,San Francisco,California,West,FUR-FU-10002597,Furniture,Furnishings,15
CA-2018-143798,10/12/2018,12/12/2018,First Class,AW-10840,Consumer,United States,Philadelphia,Pennsylvania,East,OFF-PA-10000788,Office Supplies,Paper,10
CA-2015-135657,3/6/2015,7/6/2015,Second Class,SC-20725,Consumer,United States,Seattle,Washington,West,FUR-TA-10004086,Furniture,Tables,516
CA-2015-139857,2/2/2015,6/2/2015,Standard Class,CD-12790,Home Office,United States,San Diego,California,West,OFF-FA-10001843,Office Supplies,Fasteners,12
CA-2017-106306,8/3/2017,8/3/2017,Same Day,PG-18820,Consumer,United States,Glendale,Arizona,West,OFF-BI-10003676,Office Supplies,Binders,10
CA-2017-106894,7/2/2017,7/2/2017,Same Day,CA-12265,Consumer,United States,Springfield,Virginia,South,TEC-AC-10003063,Technology,Accessories,100
CA-2016-130204,3/9/2016,9/9/2016,Standard Class,DB-13120,Corporate,United States,San Francisco,California,West,OFF-ST-10001325,Office Supplies,Storage,31
CA-2015-133270,6/6/2015,9/6/2015,First Class,BM-11785,Consumer,United States,Rochester,New York,East,OFF-AR-10002656,Office Supplies,Art,13
CA-2018-116715,2/12/2018,5/12/2018,First Class,VW-21775,Corporate,United States,San Francisco,California,West,OFF-ST-10004340,Office Supplies,Storage,560
CA-2016-135622,8/12/2016,11/12/2016,Second Class,TT-21460,Home Office,United States,Fort Worth,Texas,Central,OFF-PA-10000100,Office Supplies,Paper,361
CA-2015-141817,5/1/2015,12/1/2015,Standard Class,MB-18085,Consumer,United States,Philadelphia,Pennsylvania,East,OFF-AR-10003478,Office Supplies,Art,20
CA-2016-130785,5/9/2016,9/9/2016,Standard Class,AG-10900,Consumer,United States,San Diego,California,West,FUR-BO-10000330,Furniture,Bookcases,411
CA-2017-110254,4/8/2017,8/8/2017,Standard Class,ML-17755,Home Office,United States,Suffolk,Virginia,South,OFF-SU-10002573,Office Supplies,Supplies,35
CA-2018-146024,2/3/2018,8/3/2018,Standard Class,SC-20770,Corporate,United States,Dallas,Texas,Central,OFF-SU-10001935,Office Supplies,Supplies,7
CA-2015-120474,1/12/2015,3/12/2015,First Class,RP-19390,Consumer,United States,Madison,Wisconsin,Central,FUR-CH-10001854,Furniture,Chairs,2808
CA-2017-140774,5/9/2017,10/9/2017,Standard Class,BE-11455,Home Office,United States,Olathe,Kansas,Central,OFF-AR-10004022,Office Supplies,Art,108
CA-2017-100965,7/7/2017,11/7/2017,Standard Class,RM-19375,Consumer,United States,San Jose,California,West,FUR-FU-10003039,Furniture,Furnishings,216
CA-2017-121034,8/8/2017,10/8/2017,Second Class,JF-15565,Consumer,United States,Dallas,Texas,Central,OFF-FA-10000585,Office Supplies,Fasteners,11
CA-2015-132612,9/6/2015,11/6/2015,Second Class,FO-14305,Consumer,United States,Harrisonburg,Virginia,South,FUR-TA-10004534,Furniture,Tables,1441
CA-2016-164833,4/6/2016,4/6/2016,Same Day,LL-16840,Consumer,United States,Seattle,Washington,West,OFF-LA-10000443,Office Supplies,Labels,7
CA-2017-109344,8/2/2017,11/2/2017,Second Class,CH-12070,Home Office,United States,Raleigh,North Carolina,South,TEC-PH-10002624,Technology,Phones,1128
CA-2016-131422,5/11/2016,9/11/2016,Standard Class,GB-14530,Corporate,United States,Monroe,North Carolina,South,FUR-CH-10001270,Furniture,Chairs,207
CA-2018-162691,1/8/2018,7/8/2018,Standard Class,AS-10045,Corporate,United States,Austin,Texas,Central,TEC-MA-10000488,Technology,Machines,1440
CA-2015-117345,1/8/2015,5/8/2015,Standard Class,BF-10975,Corporate,United States,Charlotte,North Carolina,South,OFF-LA-10000240,Office Supplies,Labels,18
CA-2016-135391,9/2/2016,11/2/2016,Second Class,FA-14230,Corporate,United States,San Antonio,Texas,Central,OFF-LA-10001074,Office Supplies,Labels,40
CA-2018-128370,10/9/2018,10/9/2018,Same Day,FH-14275,Corporate,United States,Los Angeles,California,West,FUR-CH-10002602,Furniture,Chairs,362
CA-2016-121608,3/9/2016,5/9/2016,First Class,JB-15400,Corporate,United States,Bristol,Connecticut,East,OFF-AP-10002311,Office Supplies,Appliances,138
CA-2015-151078,12/11/2015,12/11/2015,Same Day,RF-19840,Consumer,United States,San Antonio,Texas,Central,OFF-ST-10001328,Office Supplies,Storage,50
US-2018-116659,12/11/2018,12/11/2018,Same Day,NG-18355,Corporate,United States,Newark,Ohio,East,TEC-PH-10002824,Technology,Phones,371
CA-2015-147914,4/6/2015,9/6/2015,Standard Class,MP-17470,Home Office,United States,Columbus,Ohio,East,OFF-PA-10001685,Office Supplies,Paper,16
CA-2016-109512,5/3/2016,5/3/2016,Same Day,LF-17185,Consumer,United States,New York City,New York,East,OFF-EN-10002621,Office Supplies,Envelopes,29
US-2018-108063,2/12/2018,5/12/2018,First Class,AS-10090,Consumer,United States,Charlottesville,Virginia,South,OFF-AR-10001446,Office Supplies,Art,35
CA-2018-141789,3/10/2018,6/10/2018,First Class,AC-10450,Consumer,United States,Minneapolis,Minnesota,Central,OFF-BI-10001359,Office Supplies,Binders,1794
CA-2016-157959,3/2/2016,4/2/2016,First Class,RW-19540,Corporate,United States,Los Angeles,California,West,FUR-FU-10004093,Furniture,Furnishings,137
CA-2018-121503,3/7/2018,6/7/2018,Second Class,FH-14275,Corporate,United States,Houston,Texas,Central,OFF-PA-10001878,Office Supplies,Paper,274
CA-2016-125178,3/10/2016,9/10/2016,Standard Class,MZ-17515,Corporate,United States,Reading,Pennsylvania,East,OFF-ST-10002562,Office Supplies,Storage,15
CA-2017-156685,8/7/2017,10/7/2017,Second Class,SC-20230,Corporate,United States,Arlington,Texas,Central,TEC-PH-10004345,Technology,Phones,864
CA-2018-126865,5/12/2018,7/12/2018,Second Class,NP-18325,Consumer,United States,San Diego,California,West,OFF-PA-10003039,Office Supplies,Paper,93
CA-2018-161200,6/8/2018,10/8/2018,Second Class,SV-20365,Consumer,United States,Lafayette,Louisiana,South,FUR-BO-10000468,Furniture,Bookcases,146
CA-2017-112109,8/7/2017,12/7/2017,Standard Class,JE-15715,Consumer,United States,Broomfield,Colorado,West,OFF-BI-10002082,Office Supplies,Binders,20
CA-2018-157987,2/9/2018,6/9/2018,Standard Class,AC-10615,Corporate,United States,New York City,New York,East,OFF-AR-10000658,Office Supplies,Art,23
CA-2018-140242,6/5/2018,11/5/2018,Standard Class,ML-17755,Home Office,United States,Chicago,Illinois,Central,OFF-AR-10004752,Office Supplies,Art,6
CA-2016-109939,8/5/2016,12/5/2016,Standard Class,AA-10375,Consumer,United States,Salem,Oregon,West,OFF-AR-10000127,Office Supplies,Art,5
CA-2015-122749,3/12/2015,9/12/2015,Standard Class,NG-18430,Consumer,United States,Oklahoma City,Oklahoma,Central,TEC-PH-10003811,Technology,Phones,480
US-2018-147221,2/12/2018,4/12/2018,Second Class,JS-16030,Consumer,United States,Houston,Texas,Central,OFF-AP-10002534,Office Supplies,Appliances,295
CA-2015-131905,6/2/2015,9/2/2015,First Class,ND-18460,Corporate,United States,Chesapeake,Virginia,South,OFF-LA-10002787,Office Supplies,Labels,15
CA-2018-165386,3/8/2018,4/8/2018,First Class,CM-12190,Consumer,United States,Chicago,Illinois,Central,FUR-BO-10003034,Furniture,Bookcases,183
CA-2016-155761,11/12/2016,11/12/2016,Same Day,SC-20800,Consumer,United States,Houston,Texas,Central,TEC-AC-10001606,Technology,Accessories,160
CA-2017-113516,8/9/2017,10/9/2017,Second Class,VM-21685,Home Office,United States,Lancaster,California,West,OFF-BI-10002225,Office Supplies,Binders,33
CA-2016-104493,2/10/2016,8/10/2016,Standard Class,EB-13705,Corporate,United States,San Diego,California,West,OFF-BI-10004817,Office Supplies,Binders,58
CA-2017-136434,1/12/2017,7/12/2017,Standard Class,RD-19480,Consumer,United States,Richmond,Indiana,Central,FUR-FU-10001196,Furniture,Furnishings,17
CA-2018-122504,7/11/2018,12/11/2018,Second Class,DB-13270,Home Office,United States,Brentwood,California,West,TEC-AC-10003289,Technology,Accessories,60
CA-2015-131051,1/12/2015,5/12/2015,Standard Class,TR-21325,Consumer,United States,San Francisco,California,West,FUR-FU-10001861,Furniture,Furnishings,58
CA-2018-124401,7/9/2018,12/9/2018,Standard Class,RD-19900,Consumer,United States,Portland,Oregon,West,OFF-ST-10000649,Office Supplies,Storage,38
CA-2018-158246,9/11/2018,11/11/2018,First Class,JB-15400,Corporate,United States,Sunnyvale,California,West,FUR-CH-10003061,Furniture,Chairs,216
CA-2018-144862,1/12/2018,5/12/2018,Standard Class,EH-14005,Home Office,United States,Philadelphia,Pennsylvania,East,OFF-EN-10003040,Office Supplies,Envelopes,105
CA-2016-134859,4/10/2016,9/10/2016,Standard Class,JK-16120,Home Office,United States,Philadelphia,Pennsylvania,East,FUR-FU-10003623,Furniture,Furnishings,65
CA-2015-159520,6/6/2015,11/6/2015,Standard Class,GT-14635,Corporate,United States,Long Beach,New York,East,OFF-BI-10003982,Office Supplies,Binders,150
CA-2017-155481,1/9/2017,5/9/2017,Standard Class,DK-13225,Corporate,United States,Philadelphia,Pennsylvania,East,OFF-PA-10004675,Office Supplies,Paper,30
CA-2017-159737,3/9/2017,9/9/2017,Standard Class,CS-11950,Consumer,United States,Chicago,Illinois,Central,OFF-BI-10004236,Office Supplies,Binders,9
CA-2017-101938,7/1/2017,12/1/2017,Standard Class,DW-13480,Home Office,United States,Oakland,California,West,OFF-AR-10003696,Office Supplies,Art,35
CA-2015-152296,1/8/2015,3/8/2015,First Class,IL-15100,Consumer,United States,San Francisco,California,West,OFF-BI-10004506,Office Supplies,Binders,20
CA-2017-128818,7/5/2017,11/5/2017,Standard Class,CJ-12010,Consumer,United States,New York City,New York,East,OFF-BI-10000309,Office Supplies,Binders,85
CA-2018-124576,1/8/2018,4/8/2018,Second Class,HK-14890,Corporate,United States,Salinas,California,West,OFF-BI-10002735,Office Supplies,Binders,55
CA-2017-136483,1/12/2017,6/12/2017,Standard Class,AG-10390,Consumer,United States,Knoxville,Tennessee,South,OFF-AR-10000940,Office Supplies,Art,5
US-2015-165659,1/6/2015,6/6/2015,Standard Class,LT-17110,Consumer,United States,Little Rock,Arkansas,South,FUR-FU-10001935,Furniture,Furnishings,22
CA-2016-138002,6/9/2016,12/9/2016,Standard Class,BT-11305,Home Office,United States,Seattle,Washington,West,OFF-BI-10002160,Office Supplies,Binders,6
CA-2017-164350,10/9/2017,12/9/2017,Second Class,CG-12040,Home Office,United States,Bristol,Tennessee,South,OFF-AR-10000538,Office Supplies,Art,68
CA-2018-129378,1/10/2018,2/10/2018,First Class,NS-18505,Consumer,United States,San Jose,California,West,OFF-BI-10002012,Office Supplies,Binders,1
CA-2016-131884,6/12/2016,6/12/2016,Same Day,DK-13375,Consumer,United States,Marion,Ohio,East,TEC-PH-10001578,Technology,Phones,486
CA-2017-139157,1/10/2017,5/10/2017,Standard Class,GM-14680,Consumer,United States,New York City,New York,East,FUR-TA-10003238,Furniture,Tables,331
CA-2018-104066,5/12/2018,10/12/2018,Standard Class,QJ-19255,Corporate,United States,Burlington,Vermont,East,TEC-AC-10001013,Technology,Accessories,205
CA-2016-117611,8/11/2016,10/11/2016,Second Class,MZ-17335,Home Office,United States,San Diego,California,West,OFF-FA-10002280,Office Supplies,Fasteners,5
CA-2018-122994,6/2/2018,9/2/2018,First Class,MV-17485,Consumer,United States,Arlington,Virginia,South,FUR-BO-10004015,Furniture,Bookcases,360
CA-2018-149146,12/10/2018,12/10/2018,Same Day,SM-20320,Home Office,United States,Monroe,North Carolina,South,OFF-PA-10003919,Office Supplies,Paper,8
CA-2018-164917,2/12/2018,7/12/2018,Standard Class,MK-17905,Corporate,United States,Miami,Florida,South,OFF-AR-10004344,Office Supplies,Art,48
CA-2016-142944,6/3/2016,11/3/2016,Standard Class,JL-15850,Consumer,United States,San Francisco,California,West,FUR-FU-10000308,Furniture,Furnishings,435
CA-2015-157882,3/10/2015,8/10/2015,Second Class,AR-10405,Corporate,United States,Los Angeles,California,West,FUR-TA-10001866,Furniture,Tables,143
CA-2017-132143,3/9/2017,5/9/2017,First Class,FM-14215,Corporate,United States,Middletown,Connecticut,East,OFF-PA-10002713,Office Supplies,Paper,48
CA-2016-153108,5/3/2016,9/3/2016,Standard Class,SF-20200,Consumer,United States,New Castle,Indiana,Central,TEC-PH-10001552,Technology,Phones,24
CA-2017-112676,5/5/2017,8/5/2017,First Class,PJ-18835,Corporate,United States,Murfreesboro,Tennessee,South,OFF-PA-10003971,Office Supplies,Paper,14
US-2018-112928,1/6/2018,5/6/2018,Second Class,BB-10990,Corporate,United States,Toledo,Ohio,East,OFF-AP-10002287,Office Supplies,Appliances,17
CA-2018-115154,8/1/2018,11/1/2018,First Class,RS-19420,Corporate,United States,Seattle,Washington,West,FUR-TA-10001950,Furniture,Tables,893
CA-2016-130995,1/11/2016,6/11/2016,Standard Class,QJ-19255,Corporate,United States,New York City,New York,East,TEC-PH-10000347,Technology,Phones,5
CA-2016-113145,1/11/2016,5/11/2016,Standard Class,VD-21670,Consumer,United States,New York City,New York,East,OFF-PA-10002659,Office Supplies,Paper,14
CA-2016-160794,6/8/2016,8/8/2016,First Class,MS-17980,Corporate,United States,Houston,Texas,Central,OFF-PA-10004156,Office Supplies,Paper,27
CA-2018-116225,5/11/2018,9/11/2018,Standard Class,SV-20935,Consumer,United States,New York City,New York,East,TEC-AC-10001432,Technology,Accessories,391
US-2018-120418,11/6/2018,12/6/2018,First Class,BC-11125,Home Office,United States,Peoria,Arizona,West,FUR-CH-10001394,Furniture,Chairs,281
CA-2018-152695,10/12/2018,10/12/2018,Same Day,CC-12220,Consumer,United States,Fairfield,Connecticut,East,OFF-EN-10004030,Office Supplies,Envelopes,11
CA-2018-109701,2/12/2018,3/12/2018,Same Day,AM-10360,Corporate,United States,Los Angeles,California,West,OFF-BI-10004187,Office Supplies,Binders,9
CA-2018-155152,7/7/2018,9/7/2018,Second Class,MP-17965,Corporate,United States,Warwick,Rhode Island,East,TEC-AC-10004353,Technology,Accessories,252
CA-2017-159940,7/7/2017,11/7/2017,Second Class,BF-11020,Corporate,United States,Aurora,Illinois,Central,FUR-FU-10004973,Furniture,Furnishings,60
CA-2016-148628,6/12/2016,11/12/2016,Standard Class,KM-16375,Home Office,United States,Thousand Oaks,California,West,OFF-PA-10003883,Office Supplies,Paper,33
CA-2017-118052,6/5/2017,10/5/2017,Standard Class,BE-11455,Home Office,United States,Lorain,Ohio,East,OFF-FA-10004248,Office Supplies,Fasteners,7
US-2016-127040,6/12/2016,10/12/2016,Standard Class,SG-20605,Consumer,United States,New York City,New York,East,OFF-PA-10004255,Office Supplies,Paper,6
CA-2018-145877,1/4/2018,4/4/2018,Second Class,AS-10090,Consumer,United States,Springfield,Missouri,Central,OFF-ST-10000649,Office Supplies,Storage,94
CA-2018-108574,7/10/2018,11/10/2018,Standard Class,MG-18145,Consumer,United States,Los Angeles,California,West,TEC-AC-10002049,Technology,Accessories,1116
CA-2015-162684,1/8/2015,6/8/2015,Standard Class,AS-10630,Home Office,United States,Philadelphia,Pennsylvania,East,OFF-FA-10000992,Office Supplies,Fasteners,6
CA-2016-142041,7/6/2016,9/6/2016,Second Class,EM-13810,Corporate,United States,Los Angeles,California,West,OFF-BI-10004187,Office Supplies,Binders,8
CA-2016-146087,6/7/2016,11/7/2016,Standard Class,PP-18955,Home Office,United States,Holyoke,Massachusetts,East,FUR-BO-10002824,Furniture,Bookcases,302
CA-2018-140053,3/7/2018,10/7/2018,Standard Class,CA-12265,Consumer,United States,Farmington,New Mexico,West,FUR-FU-10003708,Furniture,Furnishings,546
CA-2017-140207,5/11/2017,10/11/2017,Standard Class,CS-12400,Home Office,United States,San Jose,California,West,OFF-BI-10003963,Office Supplies,Binders,29
CA-2018-148691,3/12/2018,9/12/2018,Standard Class,CS-12460,Consumer,United States,New York City,New York,East,OFF-BI-10001524,Office Supplies,Binders,84
CA-2018-128755,4/5/2018,8/5/2018,Standard Class,MK-18160,Consumer,United States,Newport News,Virginia,South,OFF-PA-10000726,Office Supplies,Paper,9
CA-2017-114972,3/11/2017,6/11/2017,First Class,PF-19225,Consumer,United States,Los Angeles,California,West,FUR-CH-10001190,Furniture,Chairs,218
CA-2018-102750,4/9/2018,8/9/2018,Second Class,GM-14695,Corporate,United States,Los Angeles,California,West,FUR-TA-10000198,Furniture,Tables,1322
CA-2016-104514,2/1/2016,4/1/2016,Second Class,CB-12535,Corporate,United States,Newark,Delaware,East,OFF-ST-10001837,Office Supplies,Storage,86
CA-2016-120397,2/7/2016,2/7/2016,Same Day,RB-19435,Consumer,United States,Houston,Texas,Central,OFF-AP-10001293,Office Supplies,Appliances,33
CA-2018-163902,2/3/2018,8/3/2018,Standard Class,MY-17380,Corporate,United States,Los Angeles,California,West,TEC-PH-10000675,Technology,Phones,197
CA-2018-155089,2/12/2018,6/12/2018,Standard Class,DB-12910,Home Office,United States,Tampa,Florida,South,OFF-BI-10002429,Office Supplies,Binders,46
CA-2015-106572,5/9/2015,10/9/2015,Standard Class,NP-18700,Consumer,United States,Bowling Green,Ohio,East,OFF-ST-10000585,Office Supplies,Storage,264
CA-2018-123134,2/5/2018,7/5/2018,Standard Class,DW-13585,Corporate,United States,Westfield,New Jersey,East,FUR-FU-10003975,Furniture,Furnishings,130
CA-2016-124541,6/4/2016,10/4/2016,Standard Class,TT-21220,Consumer,United States,Houston,Texas,Central,OFF-AR-10004078,Office Supplies,Art,42
CA-2016-143238,6/9/2016,8/9/2016,First Class,LO-17170,Corporate,United States,La Quinta,California,West,TEC-AC-10003499,Technology,Accessories,46
CA-2018-123967,1/11/2018,3/11/2018,Second Class,SF-20200,Consumer,United States,Bellingham,Washington,West,OFF-BI-10001308,Office Supplies,Binders,25
CA-2018-148929,7/9/2018,11/9/2018,Standard Class,SP-20620,Corporate,United States,New York City,New York,East,OFF-ST-10003282,Office Supplies,Storage,478
CA-2016-121041,3/11/2016,10/11/2016,Standard Class,CS-12250,Corporate,United States,Haltom City,Texas,Central,OFF-EN-10001137,Office Supplies,Envelopes,7
CA-2017-137729,5/5/2017,9/5/2017,Standard Class,BF-11005,Home Office,United States,Los Angeles,California,West,OFF-ST-10001505,Office Supplies,Storage,6
CA-2017-165848,4/6/2017,4/6/2017,Same Day,EN-13780,Consumer,United States,New York City,New York,East,OFF-PA-10000349,Office Supplies,Paper,15
CA-2017-154053,4/3/2017,10/3/2017,Standard Class,MG-17890,Home Office,United States,San Diego,California,West,OFF-AR-10003727,Office Supplies,Art,17
CA-2018-147942,1/4/2018,5/4/2018,Standard Class,MS-17365,Consumer,United States,San Francisco,California,West,OFF-LA-10003663,Office Supplies,Labels,6
CA-2015-164861,3/12/2015,6/12/2015,Second Class,MC-17635,Corporate,United States,Saint Louis,Missouri,Central,OFF-PA-10001972,Office Supplies,Paper,26
CA-2016-116750,5/7/2016,10/7/2016,Second Class,BF-10975,Corporate,United States,Fayetteville,North Carolina,South,FUR-FU-10003829,Furniture,Furnishings,5
CA-2015-131002,7/9/2015,12/9/2015,Second Class,TB-21400,Consumer,United States,Tulsa,Oklahoma,Central,FUR-FU-10004270,Furniture,Furnishings,58
CA-2017-164784,1/5/2017,4/5/2017,First Class,HF-14995,Consumer,United States,Memphis,Tennessee,South,OFF-LA-10001569,Office Supplies,Labels,4
CA-2017-111794,1/10/2017,1/10/2017,Same Day,HG-15025,Consumer,United States,Amarillo,Texas,Central,TEC-AC-10003832,Technology,Accessories,80
CA-2015-126403,9/9/2015,12/9/2015,Second Class,RR-19525,Corporate,United States,Lowell,Massachusetts,East,OFF-PA-10001144,Office Supplies,Paper,166
CA-2018-136875,3/12/2018,3/12/2018,Same Day,TC-21295,Consumer,United States,San Diego,California,West,OFF-PA-10000357,Office Supplies,Paper,166
CA-2017-133123,6/9/2017,11/9/2017,Standard Class,KB-16315,Consumer,United States,Thomasville,North Carolina,South,OFF-EN-10003055,Office Supplies,Envelopes,96
US-2017-128195,4/8/2017,5/8/2017,First Class,RA-19285,Consumer,United States,Peoria,Illinois,Central,OFF-BI-10002003,Office Supplies,Binders,4
CA-2018-156412,4/12/2018,8/12/2018,Standard Class,CM-12160,Consumer,United States,Philadelphia,Pennsylvania,East,OFF-BI-10004364,Office Supplies,Binders,5
CA-2017-161662,7/2/2017,9/2/2017,First Class,BE-11410,Consumer,United States,Lancaster,Ohio,East,OFF-PA-10003465,Office Supplies,Paper,30
CA-2018-132430,9/10/2018,11/10/2018,First Class,CP-12085,Corporate,United States,Lakewood,Ohio,East,FUR-FU-10003577,Furniture,Furnishings,46
CA-2016-103723,1/12/2016,6/12/2016,Standard Class,BT-11305,Home Office,United States,Seattle,Washington,West,OFF-AR-10003251,Office Supplies,Art,14
CA-2015-127187,4/12/2015,8/12/2015,Standard Class,CP-12085,Corporate,United States,New York City,New York,East,TEC-PH-10000673,Technology,Phones,130
CA-2015-110030,6/12/2015,8/12/2015,Second Class,LF-17185,Consumer,United States,Houston,Texas,Central,FUR-FU-10002759,Furniture,Furnishings,24
CA-2015-121286,4/11/2015,8/11/2015,Second Class,ON-18715,Corporate,United States,Cary,North Carolina,South,OFF-FA-10000585,Office Supplies,Fasteners,8
CA-2015-153479,4/10/2015,8/10/2015,Standard Class,DF-13135,Consumer,United States,Vallejo,California,West,OFF-LA-10004689,Office Supplies,Labels,14
CA-2015-107594,2/7/2015,6/7/2015,Standard Class,EH-13945,Consumer,United States,Plainfield,New Jersey,East,TEC-PH-10002923,Technology,Phones,74
CA-2015-149244,4/11/2015,8/11/2015,Standard Class,MS-17530,Consumer,United States,San Diego,California,West,FUR-FU-10004671,Furniture,Furnishings,35
CA-2018-163321,7/8/2018,11/8/2018,Second Class,FM-14380,Consumer,United States,Jacksonville,North Carolina,South,TEC-AC-10004571,Technology,Accessories,80
CA-2016-110247,4/12/2016,8/12/2016,Standard Class,RH-19555,Consumer,United States,Tallahassee,Florida,South,OFF-BI-10001553,Office Supplies,Binders,8
CA-2015-154669,8/8/2015,11/8/2015,Second Class,TM-21010,Consumer,United States,Vacaville,California,West,OFF-ST-10000532,Office Supplies,Storage,423
US-2016-122140,2/4/2016,7/4/2016,Standard Class,MO-17950,Consumer,United States,Dallas,Texas,Central,OFF-AP-10001242,Office Supplies,Appliances,32
CA-2017-163986,3/9/2017,10/9/2017,Standard Class,JJ-15445,Consumer,United States,Waukesha,Wisconsin,Central,OFF-ST-10000918,Office Supplies,Storage,54
CA-2018-158967,10/12/2018,12/12/2018,First Class,BT-11680,Consumer,United States,Fort Lauderdale,Florida,South,FUR-FU-10001940,Furniture,Furnishings,19
CA-2018-167668,6/5/2018,8/5/2018,First Class,TC-21295,Consumer,United States,New York City,New York,East,OFF-LA-10004544,Office Supplies,Labels,59
US-2017-106677,5/11/2017,10/11/2017,Standard Class,AS-10285,Corporate,United States,Philadelphia,Pennsylvania,East,TEC-PH-10003187,Technology,Phones,24
US-2015-117744,2/12/2015,6/12/2015,Standard Class,MD-17860,Corporate,United States,Corpus Christi,Texas,Central,FUR-FU-10001588,Furniture,Furnishings,58
US-2016-110163,1/11/2016,4/11/2016,First Class,GA-14725,Consumer,United States,Salem,Oregon,West,OFF-AR-10001683,Office Supplies,Art,8
CA-2018-143329,3/11/2018,8/11/2018,Standard Class,DL-13330,Consumer,United States,Las Cruces,New Mexico,West,FUR-FU-10000629,Furniture,Furnishings,41
CA-2016-122623,7/9/2016,11/9/2016,Standard Class,CC-12145,Consumer,United States,El Paso,Texas,Central,FUR-CH-10000553,Furniture,Chairs,48
CA-2016-104626,1/9/2016,8/9/2016,Standard Class,DR-12940,Home Office,United States,Franklin,Massachusetts,East,OFF-BI-10001510,Office Supplies,Binders,115
CA-2017-160500,5/5/2017,8/5/2017,First Class,DM-13015,Consumer,United States,Encinitas,California,West,OFF-BI-10003784,Office Supplies,Binders,7
CA-2015-148915,1/11/2015,5/11/2015,Standard Class,ND-18370,Consumer,United States,Portland,Oregon,West,OFF-ST-10001128,Office Supplies,Storage,444
CA-2017-147368,9/6/2017,12/6/2017,First Class,TC-21295,Consumer,United States,Tallahassee,Florida,South,TEC-MA-10002178,Technology,Machines,696
US-2016-104185,3/9/2016,8/9/2016,Second Class,JB-15400,Corporate,United States,New York City,New York,East,OFF-ST-10001526,Office Supplies,Storage,120
US-2017-128293,2/6/2017,5/6/2017,First Class,KC-16255,Corporate,United States,Philadelphia,Pennsylvania,East,OFF-ST-10000736,Office Supplies,Storage,65
CA-2017-115588,10/11/2017,12/11/2017,Second Class,AF-10885,Consumer,United States,Toledo,Ohio,East,OFF-SU-10001225,Office Supplies,Supplies,15
CA-2018-164049,2/11/2018,6/11/2018,Standard Class,KH-16630,Corporate,United States,Seattle,Washington,West,OFF-PA-10000791,Office Supplies,Paper,24
US-2017-164630,4/1/2017,9/1/2017,Standard Class,EB-13975,Corporate,United States,Charlotte,North Carolina,South,TEC-CO-10000971,Technology,Copiers,960
CA-2018-121615,3/11/2018,9/11/2018,Standard Class,DL-12925,Consumer,United States,Eagan,Minnesota,Central,OFF-PA-10000327,Office Supplies,Paper,9
CA-2016-118444,5/11/2016,9/11/2016,Standard Class,VD-21670,Consumer,United States,Coral Springs,Florida,South,OFF-AP-10000576,Office Supplies,Appliances,387
CA-2015-157721,2/9/2015,5/9/2015,First Class,JM-16195,Consumer,United States,Watertown,New York,East,OFF-AP-10001303,Office Supplies,Appliances,20
CA-2018-158106,4/6/2018,10/6/2018,Standard Class,CT-11995,Consumer,United States,Apple Valley,Minnesota,Central,OFF-AR-10002255,Office Supplies,Art,9
CA-2016-168564,8/8/2016,8/8/2016,Same Day,TT-21220,Consumer,United States,San Francisco,California,West,OFF-BI-10004970,Office Supplies,Binders,7
US-2017-169040,6/12/2017,12/12/2017,Standard Class,GT-14710,Consumer,United States,Seattle,Washington,West,TEC-PH-10002310,Technology,Phones,157
CA-2017-166443,4/11/2017,5/11/2017,First Class,LH-17020,Consumer,United States,San Francisco,California,West,FUR-FU-10004020,Furniture,Furnishings,38
CA-2018-134915,12/11/2018,12/11/2018,Same Day,EM-14140,Home Office,United States,Glendale,Arizona,West,TEC-AC-10001266,Technology,Accessories,42
CA-2018-168900,4/5/2018,9/5/2018,Standard Class,SH-20395,Consumer,United States,Springfield,Ohio,East,OFF-BI-10003910,Office Supplies,Binders,2
CA-2018-167941,6/11/2018,9/11/2018,Second Class,JF-15565,Consumer,United States,Fayetteville,North Carolina,South,OFF-AP-10002118,Office Supplies,Appliances,500
CA-2016-137512,7/5/2016,12/5/2016,Standard Class,AG-10675,Consumer,United States,Allen,Texas,Central,FUR-TA-10001095,Furniture,Tables,244
CA-2018-139773,4/12/2018,4/12/2018,Same Day,DV-13045,Corporate,United States,Philadelphia,Pennsylvania,East,FUR-CH-10001797,Furniture,Chairs,189
CA-2018-134607,3/10/2018,8/10/2018,Second Class,HL-15040,Consumer,United States,Rochester,New York,East,OFF-ST-10002214,Office Supplies,Storage,23
US-2015-112872,6/12/2015,11/12/2015,Second Class,RC-19960,Consumer,United States,Springfield,Oregon,West,OFF-ST-10002205,Office Supplies,Storage,53
CA-2017-134376,2/10/2017,6/10/2017,Standard Class,TT-21265,Corporate,United States,New York City,New York,East,OFF-AP-10004532,Office Supplies,Appliances,61
CA-2016-130610,5/7/2016,10/7/2016,Standard Class,VP-21730,Home Office,United States,Sterling Heights,Michigan,Central,OFF-BI-10003655,Office Supplies,Binders,19
CA-2017-131499,8/9/2017,10/9/2017,First Class,MG-17875,Home Office,United States,New York City,New York,East,OFF-AP-10003779,Office Supplies,Appliances,207
CA-2017-124772,5/12/2017,6/12/2017,First Class,JG-15160,Consumer,United States,Murray,Kentucky,South,FUR-FU-10004748,Furniture,Furnishings,192
CA-2018-101749,3/10/2018,8/10/2018,Standard Class,AS-10045,Corporate,United States,Pasadena,California,West,FUR-TA-10001520,Furniture,Tables,171
US-2017-147991,5/5/2017,9/5/2017,Standard Class,ZD-21925,Consumer,United States,Chattanooga,Tennessee,South,FUR-FU-10004270,Furniture,Furnishings,17
CA-2018-149559,11/9/2018,12/9/2018,Same Day,KF-16285,Home Office,United States,Long Beach,California,West,OFF-PA-10003172,Office Supplies,Paper,13
CA-2018-125290,6/11/2018,10/11/2018,Second Class,CC-12430,Home Office,United States,Minneapolis,Minnesota,Central,OFF-AR-10001216,Office Supplies,Art,14
CA-2018-121419,2/4/2018,4/4/2018,First Class,TC-21475,Home Office,United States,Columbus,Georgia,South,FUR-TA-10004534,Furniture,Tables,412
US-2018-148054,6/10/2018,11/10/2018,Standard Class,NZ-18565,Home Office,United States,Meridian,Idaho,West,FUR-FU-10003247,Furniture,Furnishings,42
CA-2017-144554,7/11/2017,12/11/2017,Standard Class,DM-13345,Corporate,United States,Newark,Ohio,East,TEC-AC-10002800,Technology,Accessories,120
CA-2018-127621,3/3/2018,7/3/2018,Standard Class,RE-19450,Consumer,United States,Dallas,Texas,Central,OFF-PA-10001307,Office Supplies,Paper,27
CA-2017-125206,3/1/2017,5/1/2017,First Class,LR-16915,Consumer,United States,Los Angeles,California,West,OFF-ST-10003692,Office Supplies,Storage,114
CA-2016-126137,3/10/2016,8/10/2016,Standard Class,BS-11755,Consumer,United States,Los Angeles,California,West,FUR-BO-10004409,Furniture,Bookcases,121
CA-2018-101182,4/9/2018,5/9/2018,First Class,KB-16405,Home Office,United States,Apple Valley,California,West,OFF-PA-10001800,Office Supplies,Paper,13
CA-2017-112123,3/3/2017,8/3/2017,Standard Class,BH-11710,Consumer,United States,Newark,Delaware,East,OFF-BI-10001071,Office Supplies,Binders,448
CA-2017-124562,8/12/2017,12/12/2017,Standard Class,JP-16135,Home Office,United States,Columbus,Ohio,East,OFF-BI-10001267,Office Supplies,Binders,13
CA-2016-121720,11/6/2016,12/6/2016,First Class,JE-15610,Corporate,United States,Lakeland,Florida,South,FUR-CH-10003312,Furniture,Chairs,1124
CA-2018-149895,8/9/2018,12/9/2018,Standard Class,EB-14110,Consumer,United States,Philadelphia,Pennsylvania,East,TEC-PH-10002200,Technology,Phones,259
CA-2018-147564,2/10/2018,6/10/2018,Standard Class,BP-11155,Consumer,United States,New York City,New York,East,OFF-PA-10004438,Office Supplies,Paper,49
US-2015-122959,12/12/2015,12/12/2015,Same Day,CY-12745,Corporate,United States,San Antonio,Texas,Central,OFF-BI-10003650,Office Supplies,Binders,210
US-2017-148110,5/9/2017,11/9/2017,Standard Class,AR-10825,Corporate,United States,Austin,Texas,Central,FUR-CH-10002647,Furniture,Chairs,348
CA-2017-120558,7/6/2017,10/6/2017,First Class,RD-19810,Home Office,United States,New York City,New York,East,OFF-PA-10003441,Office Supplies,Paper,32
CA-2015-128986,3/8/2015,5/8/2015,Second Class,GH-14410,Home Office,United States,Glendale,Arizona,West,OFF-PA-10001289,Office Supplies,Paper,93
CA-2018-122280,10/9/2018,10/9/2018,Same Day,SH-20395,Consumer,United States,New York City,New York,East,OFF-PA-10004911,Office Supplies,Paper,19
CA-2018-105235,5/12/2018,11/12/2018,Standard Class,SM-20950,Corporate,United States,New York City,New York,East,FUR-FU-10001487,Furniture,Furnishings,21
CA-2018-152912,9/11/2018,12/11/2018,Second Class,BM-11650,Corporate,United States,Columbia,Maryland,East,OFF-BI-10004728,Office Supplies,Binders,10
CA-2015-123498,7/11/2015,9/11/2015,First Class,TC-20980,Corporate,United States,Houston,Texas,Central,OFF-BI-10000632,Office Supplies,Binders,26
CA-2018-123981,2/10/2018,8/10/2018,Standard Class,RW-19630,Corporate,United States,New York City,New York,East,TEC-PH-10002115,Technology,Phones,66
CA-2018-158953,4/6/2018,8/6/2018,Standard Class,ML-18040,Corporate,United States,Missouri City,Texas,Central,OFF-BI-10002557,Office Supplies,Binders,6
CA-2015-165428,1/9/2015,4/9/2015,First Class,JL-15130,Consumer,United States,Houston,Texas,Central,OFF-BI-10002949,Office Supplies,Binders,4
CA-2016-149384,10/7/2016,10/7/2016,Same Day,EH-13945,Consumer,United States,Tempe,Arizona,West,OFF-BI-10003196,Office Supplies,Binders,3
CA-2015-131527,1/12/2015,7/12/2015,Standard Class,TB-21280,Consumer,United States,Jacksonville,North Carolina,South,TEC-PH-10001644,Technology,Phones,96
CA-2018-150189,8/7/2018,10/7/2018,First Class,VG-21790,Consumer,United States,San Mateo,California,West,OFF-LA-10002762,Office Supplies,Labels,75
US-2016-137008,2/10/2016,8/10/2016,Standard Class,JP-15460,Corporate,United States,Lakewood,New Jersey,East,OFF-PA-10001295,Office Supplies,Paper,95
CA-2015-108189,2/10/2015,5/10/2015,First Class,ES-14080,Corporate,United States,Tempe,Arizona,West,OFF-PA-10001838,Office Supplies,Paper,9
CA-2018-131625,1/9/2018,5/9/2018,Second Class,BN-11515,Consumer,United States,New York City,New York,East,FUR-FU-10004960,Furniture,Furnishings,115
CA-2017-146836,2/5/2017,2/5/2017,Same Day,CC-12475,Consumer,United States,New York City,New York,East,OFF-ST-10001580,Office Supplies,Storage,45
US-2017-140809,1/2/2017,3/2/2017,First Class,CK-12760,Corporate,United States,Arlington,Virginia,South,OFF-ST-10002214,Office Supplies,Storage,56
CA-2018-113355,1/12/2018,5/12/2018,Standard Class,SJ-20215,Consumer,United States,Grand Prairie,Texas,Central,TEC-PH-10004912,Technology,Phones,220
US-2018-140907,10/12/2018,12/12/2018,Second Class,BP-11185,Corporate,United States,Seattle,Washington,West,TEC-AC-10004510,Technology,Accessories,49
CA-2017-122518,4/3/2017,8/3/2017,Second Class,RF-19345,Corporate,United States,Miami,Florida,South,OFF-LA-10001641,Office Supplies,Labels,10
CA-2018-133865,8/5/2018,12/5/2018,Standard Class,PS-19045,Home Office,United States,Los Angeles,California,West,TEC-CO-10001046,Technology,Copiers,3360
CA-2018-116358,2/11/2018,6/11/2018,Standard Class,KM-16225,Corporate,United States,Overland Park,Kansas,Central,OFF-FA-10003495,Office Supplies,Fasteners,18
CA-2015-102988,5/4/2015,9/4/2015,Second Class,GM-14695,Corporate,United States,Alexandria,Virginia,South,OFF-AR-10004757,Office Supplies,Art,23
CA-2018-113418,1/10/2018,3/10/2018,First Class,CM-12655,Home Office,United States,New York City,New York,East,TEC-MA-10002428,Technology,Machines,1705
CA-2016-144386,5/11/2016,11/11/2016,Standard Class,GT-14635,Corporate,United States,New York City,New York,East,OFF-BI-10001116,Office Supplies,Binders,25
CA-2018-154732,5/11/2018,7/11/2018,First Class,AH-10195,Corporate,United States,Chicago,Illinois,Central,OFF-BI-10000474,Office Supplies,Binders,16
CA-2017-139234,6/5/2017,10/5/2017,Standard Class,AF-10870,Consumer,United States,Chicago,Illinois,Central,OFF-BI-10000773,Office Supplies,Binders,3
US-2016-142020,4/6/2016,8/6/2016,Second Class,TC-21535,Home Office,United States,New York City,New York,East,OFF-PA-10004569,Office Supplies,Paper,30
CA-2016-161718,4/12/2016,10/12/2016,Standard Class,SO-20335,Consumer,United States,Hempstead,New York,East,FUR-FU-10002445,Furniture,Furnishings,28
CA-2017-100671,1/11/2017,4/11/2017,First Class,CS-12490,Corporate,United States,Conroe,Texas,Central,OFF-ST-10004950,Office Supplies,Storage,112
CA-2016-130659,4/12/2016,9/12/2016,Second Class,MS-17365,Consumer,United States,New York City,New York,East,OFF-EN-10004147,Office Supplies,Envelopes,18
CA-2018-148404,7/10/2018,11/10/2018,Standard Class,Dp-13240,Home Office,United States,Charlotte,North Carolina,South,OFF-ST-10003208,Office Supplies,Storage,581
US-2018-131583,10/6/2018,10/6/2018,Same Day,CL-11890,Consumer,United States,Philadelphia,Pennsylvania,East,OFF-PA-10000380,Office Supplies,Paper,40
US-2018-148362,1/7/2018,8/7/2018,Standard Class,KF-16285,Home Office,United States,Indianapolis,Indiana,Central,OFF-ST-10001128,Office Supplies,Storage,444
CA-2016-129700,4/5/2016,5/5/2016,First Class,LA-16780,Corporate,United States,Tinley Park,Illinois,Central,FUR-FU-10001940,Furniture,Furnishings,22
CA-2017-116540,2/9/2017,2/9/2017,Same Day,SS-20590,Consumer,United States,Madison,Wisconsin,Central,OFF-FA-10002676,Office Supplies,Fasteners,2
US-2018-111024,3/7/2018,6/7/2018,Second Class,SZ-20035,Home Office,United States,Lancaster,Ohio,East,OFF-PA-10000174,Office Supplies,Paper,33
CA-2018-148264,8/12/2018,9/12/2018,First Class,LF-17185,Consumer,United States,Inglewood,California,West,OFF-ST-10003327,Office Supplies,Storage,30
CA-2018-131212,5/12/2018,9/12/2018,Standard Class,AB-10165,Consumer,United States,Bellevue,Washington,West,OFF-BI-10001617,Office Supplies,Binders,25
CA-2017-158869,6/8/2017,7/8/2017,First Class,AH-10690,Corporate,United States,New York City,New York,East,OFF-PA-10000474,Office Supplies,Paper,71
CA-2016-153325,1/3/2016,2/3/2016,Second Class,ST-20530,Consumer,United States,Macon,Georgia,South,OFF-BI-10004236,Office Supplies,Binders,59
CA-2018-114258,5/11/2018,10/11/2018,Second Class,EM-13825,Corporate,United States,Dallas,Texas,Central,TEC-PH-10003012,Technology,Phones,493
CA-2018-128699,3/12/2018,5/12/2018,Second Class,ND-18370,Consumer,United States,Jacksonville,Florida,South,TEC-AC-10001990,Technology,Accessories,48
CA-2016-100888,6/4/2016,10/4/2016,Standard Class,MH-17455,Consumer,United States,Jacksonville,North Carolina,South,OFF-PA-10001019,Office Supplies,Paper,48
US-2017-150035,1/12/2017,5/12/2017,Standard Class,CL-11890,Consumer,United States,San Francisco,California,West,FUR-FU-10003724,Furniture,Furnishings,17
CA-2018-111815,3/3/2018,10/3/2018,Standard Class,EP-13915,Consumer,United States,Dearborn Heights,Michigan,Central,FUR-CH-10000785,Furniture,Chairs,181
CA-2015-124023,7/4/2015,10/4/2015,First Class,PJ-19015,Consumer,United States,Mobile,Alabama,South,FUR-FU-10004415,Furniture,Furnishings,9
CA-2018-120705,5/9/2018,11/9/2018,Standard Class,MG-17875,Home Office,United States,Fort Lauderdale,Florida,South,OFF-ST-10001522,Office Supplies,Storage,147
CA-2016-157322,2/7/2016,6/7/2016,Standard Class,RH-19600,Consumer,United States,Carol Stream,Illinois,Central,FUR-CH-10004086,Furniture,Chairs,408
CA-2018-125115,10/4/2018,10/4/2018,Same Day,RD-19930,Consumer,United States,Austin,Texas,Central,OFF-PA-10004101,Office Supplies,Paper,10
CA-2018-140326,4/9/2018,6/9/2018,First Class,HW-14935,Corporate,United States,Chicago,Illinois,Central,FUR-BO-10000112,Furniture,Bookcases,825
US-2017-113649,9/8/2017,12/8/2017,First Class,HA-14920,Consumer,United States,Fayetteville,North Carolina,South,OFF-PA-10000130,Office Supplies,Paper,31
CA-2017-137673,5/9/2017,10/9/2017,Standard Class,ML-17395,Corporate,United States,San Diego,California,West,TEC-AC-10002345,Technology,Accessories,116
CA-2015-158771,9/5/2015,9/5/2015,Same Day,SB-20290,Corporate,United States,Henderson,Kentucky,South,OFF-ST-10000107,Office Supplies,Storage,83
CA-2018-118542,1/12/2018,5/12/2018,Standard Class,CC-12550,Consumer,United States,Los Angeles,California,West,OFF-PA-10004735,Office Supplies,Paper,45
CA-2018-152737,7/11/2018,12/11/2018,Standard Class,TS-21505,Consumer,United States,San Francisco,California,West,OFF-BI-10002982,Office Supplies,Binders,22
CA-2018-109757,4/9/2018,9/9/2018,Second Class,MD-17350,Consumer,United States,Akron,Ohio,East,OFF-AR-10002335,Office Supplies,Art,8
CA-2017-130029,3/7/2017,6/7/2017,First Class,GT-14755,Consumer,United States,Los Angeles,California,West,OFF-PA-10000552,Office Supplies,Paper,13
CA-2018-168109,3/7/2018,3/7/2018,Same Day,JK-15640,Home Office,United States,Seattle,Washington,West,TEC-AC-10003628,Technology,Accessories,60
CA-2018-117023,7/8/2018,12/8/2018,Standard Class,JW-15955,Consumer,United States,Long Beach,New York,East,OFF-AR-10003602,Office Supplies,Art,12
CA-2017-103163,7/6/2017,11/6/2017,Standard Class,FM-14290,Home Office,United States,Bakersfield,California,West,OFF-BI-10003305,Office Supplies,Binders,5
CA-2018-117807,1/10/2018,7/10/2018,Standard Class,DK-13090,Consumer,United States,Fremont,Nebraska,Central,OFF-PA-10000994,Office Supplies,Paper,105
CA-2018-161823,3/9/2018,8/9/2018,Standard Class,AG-10300,Corporate,United States,San Francisco,California,West,OFF-AR-10002053,Office Supplies,Art,6
CA-2017-108434,5/12/2017,7/12/2017,Second Class,JG-15160,Consumer,United States,New York City,New York,East,OFF-ST-10002615,Office Supplies,Storage,465
CA-2016-110093,3/12/2016,8/12/2016,Standard Class,AB-10255,Home Office,United States,Philadelphia,Pennsylvania,East,OFF-PA-10000174,Office Supplies,Paper,16
CA-2017-154536,5/9/2017,9/9/2017,Standard Class,JC-15340,Consumer,United States,Philadelphia,Pennsylvania,East,OFF-BI-10004410,Office Supplies,Binders,10
CA-2018-141929,4/9/2018,8/9/2018,Standard Class,RA-19285,Consumer,United States,Los Angeles,California,West,OFF-BI-10004632,Office Supplies,Binders,488
CA-2018-132178,3/5/2018,8/5/2018,Second Class,DB-12970,Corporate,United States,Los Angeles,California,West,OFF-ST-10000464,Office Supplies,Storage,70
CA-2018-109960,9/12/2018,11/12/2018,Second Class,DB-13210,Consumer,United States,Detroit,Michigan,Central,TEC-AC-10004859,Technology,Accessories,105
US-2018-129777,3/7/2018,9/7/2018,Standard Class,FM-14290,Home Office,United States,Quincy,Massachusetts,East,TEC-AC-10003590,Technology,Accessories,259
CA-2018-154109,6/11/2018,11/11/2018,Standard Class,ML-17410,Consumer,United States,Philadelphia,Pennsylvania,East,FUR-CH-10003774,Furniture,Chairs,127
CA-2016-156440,5/12/2016,9/12/2016,Standard Class,MH-17620,Corporate,United States,San Diego,California,West,FUR-FU-10004090,Furniture,Furnishings,44
CA-2018-140760,2/6/2018,5/6/2018,Second Class,DO-13435,Consumer,United States,Mesa,Arizona,West,OFF-PA-10002479,Office Supplies,Paper,25
CA-2015-135608,8/12/2015,10/12/2015,Second Class,JK-15625,Consumer,United States,Olympia,Washington,West,OFF-PA-10001954,Office Supplies,Paper,46
CA-2018-127264,3/4/2018,5/4/2018,First Class,SA-20830,Consumer,United States,Chicago,Illinois,Central,OFF-AR-10003045,Office Supplies,Art,7
CA-2017-165169,5/6/2017,11/6/2017,Standard Class,JL-15235,Consumer,United States,Newark,Delaware,East,OFF-ST-10001496,Office Supplies,Storage,360
CA-2018-168193,6/3/2018,11/3/2018,Second Class,RM-19750,Consumer,United States,New York City,New York,East,OFF-PA-10002254,Office Supplies,Paper,26
CA-2017-116799,3/3/2017,6/3/2017,First Class,JG-15310,Corporate,United States,Odessa,Texas,Central,OFF-PA-10001892,Office Supplies,Paper,43
CA-2016-103205,8/12/2016,10/12/2016,Second Class,JJ-15760,Home Office,United States,Houston,Texas,Central,TEC-PH-10004896,Technology,Phones,120
CA-2015-115357,6/8/2015,11/8/2015,Second Class,RF-19735,Consumer,United States,Columbia,South Carolina,South,TEC-AC-10000023,Technology,Accessories,63
CA-2016-107937,3/5/2016,8/5/2016,Standard Class,JB-16045,Home Office,United States,Chula Vista,California,West,FUR-FU-10002298,Furniture,Furnishings,666
CA-2017-169971,4/9/2017,9/9/2017,Standard Class,IL-15100,Consumer,United States,Houston,Texas,Central,OFF-AR-10002804,Office Supplies,Art,4
CA-2015-107139,5/7/2015,11/7/2015,Standard Class,DP-13390,Home Office,United States,Los Angeles,California,West,OFF-BI-10001670,Office Supplies,Binders,181
CA-2018-147760,4/11/2018,5/11/2018,First Class,KL-16555,Corporate,United States,Greensboro,North Carolina,South,FUR-TA-10004575,Furniture,Tables,524
CA-2018-147753,5/3/2018,5/3/2018,Same Day,PK-19075,Consumer,United States,Milwaukee,Wisconsin,Central,OFF-LA-10003537,Office Supplies,Labels,25
CA-2016-103961,5/11/2016,9/11/2016,Standard Class,NG-18430,Consumer,United States,Quincy,Illinois,Central,OFF-LA-10004484,Office Supplies,Labels,20
CA-2017-152471,8/7/2017,8/7/2017,Same Day,ZD-21925,Consumer,United States,Jacksonville,Florida,South,TEC-PH-10002824,Technology,Phones,824
CA-2015-132801,7/10/2015,12/10/2015,Standard Class,JG-15805,Corporate,United States,Dallas,Texas,Central,OFF-ST-10001228,Office Supplies,Storage,107
CA-2018-141733,7/5/2018,11/5/2018,Standard Class,RW-19540,Corporate,United States,Detroit,Michigan,Central,FUR-CH-10004086,Furniture,Chairs,1459
US-2015-109162,8/6/2015,12/6/2015,Standard Class,KE-16420,Corporate,United States,Bristol,Tennessee,South,FUR-CH-10002647,Furniture,Chairs,170
CA-2016-142377,4/12/2016,9/12/2016,Standard Class,MS-17980,Corporate,United States,Springfield,Missouri,Central,OFF-PA-10001970,Office Supplies,Paper,86
US-2018-131849,6/6/2018,10/6/2018,Standard Class,GH-14410,Home Office,United States,San Francisco,California,West,FUR-FU-10004164,Furniture,Furnishings,5
CA-2015-135755,3/5/2015,10/5/2015,Standard Class,NC-18415,Consumer,United States,Yonkers,New York,East,OFF-BI-10004828,Office Supplies,Binders,40
CA-2017-136231,5/9/2017,7/9/2017,Second Class,DM-13015,Consumer,United States,Johnson City,Tennessee,South,OFF-EN-10001099,Office Supplies,Envelopes,23
CA-2015-151001,5/4/2015,7/4/2015,First Class,JG-15805,Corporate,United States,Decatur,Illinois,Central,OFF-ST-10003455,Office Supplies,Storage,50
CA-2015-152849,5/7/2015,12/7/2015,Standard Class,DW-13195,Corporate,United States,Knoxville,Tennessee,South,OFF-AR-10002833,Office Supplies,Art,4
CA-2017-167759,3/3/2017,8/3/2017,Second Class,CC-12670,Consumer,United States,Bloomington,Indiana,Central,TEC-PH-10003171,Technology,Phones,135
CA-2015-100895,2/6/2015,6/6/2015,Standard Class,SV-20785,Consumer,United States,Roswell,Georgia,South,OFF-AR-10004511,Office Supplies,Art,9
CA-2018-110212,1/5/2018,5/5/2018,Standard Class,SJ-20125,Home Office,United States,Texarkana,Arkansas,South,TEC-AC-10002331,Technology,Accessories,49
CA-2018-134285,7/12/2018,12/12/2018,Standard Class,DS-13180,Corporate,United States,San Antonio,Texas,Central,OFF-FA-10000611,Office Supplies,Fasteners,4
CA-2018-157980,7/12/2018,9/12/2018,First Class,SH-20395,Consumer,United States,Toledo,Ohio,East,TEC-AC-10002567,Technology,Accessories,128
CA-2016-121097,3/1/2016,8/1/2016,Standard Class,SF-20965,Corporate,United States,Baytown,Texas,Central,OFF-PA-10001937,Office Supplies,Paper,10
US-2016-119312,2/10/2016,7/10/2016,Second Class,CS-12400,Home Office,United States,Los Angeles,California,West,OFF-ST-10000943,Office Supplies,Storage,270
CA-2016-167010,5/4/2016,10/4/2016,Standard Class,VT-21700,Home Office,United States,Philadelphia,Pennsylvania,East,OFF-AP-10004036,Office Supplies,Appliances,98
CA-2018-126788,5/6/2018,6/6/2018,First Class,AB-10105,Consumer,United States,Pearland,Texas,Central,TEC-PH-10001619,Technology,Phones,470
US-2016-148817,1/12/2016,7/12/2016,Standard Class,KD-16495,Corporate,United States,Chesapeake,Virginia,South,OFF-ST-10001321,Office Supplies,Storage,62
CA-2018-123001,2/9/2018,8/9/2018,Standard Class,AW-10840,Consumer,United States,Bakersfield,California,West,OFF-AR-10001919,Office Supplies,Art,9
US-2017-143448,10/12/2017,10/12/2017,Same Day,MH-17455,Consumer,United States,Greenwood,Indiana,Central,FUR-CH-10003379,Furniture,Chairs,1425
US-2017-151862,1/3/2017,8/3/2017,Standard Class,ON-18715,Corporate,United States,Denver,Colorado,West,TEC-PH-10003535,Technology,Phones,160
CA-2015-133228,4/4/2015,9/4/2015,Standard Class,MS-17710,Consumer,United States,Detroit,Michigan,Central,FUR-FU-10004020,Furniture,Furnishings,5
CA-2017-149902,1/4/2017,6/4/2017,Standard Class,DW-13540,Consumer,United States,New York City,New York,East,OFF-AR-10002956,Office Supplies,Art,88
US-2016-163685,1/6/2016,5/6/2016,Standard Class,KE-16420,Corporate,United States,San Antonio,Texas,Central,OFF-BI-10001890,Office Supplies,Binders,6
CA-2018-101308,2/10/2018,7/10/2018,Standard Class,FG-14260,Home Office,United States,Seattle,Washington,West,OFF-FA-10002780,Office Supplies,Fasteners,9
CA-2017-135265,7/7/2017,9/7/2017,Second Class,CC-12370,Consumer,United States,Los Angeles,California,West,FUR-CH-10003061,Furniture,Chairs,288
CA-2015-137589,3/11/2015,8/11/2015,Standard Class,MS-17770,Consumer,United States,Lancaster,Pennsylvania,East,OFF-SU-10000157,Office Supplies,Supplies,286
CA-2016-161998,1/5/2016,5/5/2016,Standard Class,DB-13120,Corporate,United States,Tampa,Florida,South,FUR-FU-10001095,Furniture,Furnishings,64
CA-2016-105627,8/3/2016,12/3/2016,Standard Class,DK-12895,Consumer,United States,Kenosha,Wisconsin,Central,FUR-BO-10002916,Furniture,Bookcases,513
CA-2017-145730,3/3/2017,8/3/2017,Standard Class,CC-12220,Consumer,United States,San Antonio,Texas,Central,FUR-TA-10004915,Furniture,Tables,638
CA-2018-144463,1/1/2018,5/1/2018,Standard Class,SC-20725,Consumer,United States,Los Angeles,California,West,FUR-FU-10001215,Furniture,Furnishings,474
US-2017-108777,12/12/2017,12/12/2017,Same Day,JM-15655,Corporate,United States,Lorain,Ohio,East,OFF-BI-10003982,Office Supplies,Binders,19
CA-2016-136378,2/4/2016,7/4/2016,Standard Class,CS-11845,Corporate,United States,Houston,Texas,Central,OFF-BI-10003707,Office Supplies,Binders,9
CA-2017-129196,1/11/2017,7/11/2017,Standard Class,XP-21865,Consumer,United States,Chicago,Illinois,Central,TEC-AC-10002473,Technology,Accessories,68
CA-2015-102673,1/11/2015,5/11/2015,Standard Class,KH-16630,Corporate,United States,Charlotte,North Carolina,South,OFF-FA-10003021,Office Supplies,Fasteners,8
CA-2016-156104,6/12/2016,8/12/2016,Second Class,NP-18685,Home Office,United States,Indianapolis,Indiana,Central,TEC-CO-10002095,Technology,Copiers,1000
CA-2018-163692,7/9/2018,9/9/2018,First Class,Dp-13240,Home Office,United States,Phoenix,Arizona,West,OFF-BI-10003291,Office Supplies,Binders,8
CA-2017-111913,4/8/2017,6/8/2017,Second Class,LC-16930,Corporate,United States,Sacramento,California,West,TEC-PH-10002275,Technology,Phones,302
CA-2017-161473,1/4/2017,5/4/2017,Standard Class,TB-21175,Corporate,United States,New York City,New York,East,OFF-LA-10001297,Office Supplies,Labels,21
CA-2016-105599,7/9/2016,7/9/2016,Same Day,MC-17275,Consumer,United States,New York City,New York,East,OFF-ST-10002486,Office Supplies,Storage,14
CA-2016-116687,2/5/2016,7/5/2016,Standard Class,NC-18625,Corporate,United States,Houston,Texas,Central,OFF-LA-10000443,Office Supplies,Labels,9
CA-2018-117394,4/9/2018,10/9/2018,Standard Class,MM-17920,Consumer,United States,Philadelphia,Pennsylvania,East,TEC-AC-10000199,Technology,Accessories,19
CA-2018-133823,11/5/2018,12/5/2018,Same Day,LP-17080,Consumer,United States,Seattle,Washington,West,OFF-PA-10002870,Office Supplies,Paper,37
CA-2018-156769,6/5/2018,9/5/2018,First Class,GZ-14470,Consumer,United States,Arlington,Virginia,South,OFF-AR-10003179,Office Supplies,Art,55
CA-2016-111703,2/7/2016,9/7/2016,Standard Class,KB-16315,Consumer,United States,Hollywood,Florida,South,OFF-PA-10000349,Office Supplies,Paper,12
CA-2018-105914,2/10/2018,8/10/2018,Standard Class,PV-18985,Home Office,United States,Los Angeles,California,West,OFF-BI-10002854,Office Supplies,Binders,112
CA-2018-127313,1/12/2018,4/12/2018,First Class,RA-19285,Consumer,United States,Philadelphia,Pennsylvania,East,OFF-ST-10001228,Office Supplies,Storage,37
CA-2018-100160,7/9/2018,11/9/2018,Standard Class,CB-12025,Consumer,United States,Philadelphia,Pennsylvania,East,OFF-LA-10002475,Office Supplies,Labels,29
CA-2016-101091,5/12/2016,9/12/2016,Second Class,SW-20245,Consumer,United States,Philadelphia,Pennsylvania,East,TEC-AC-10003280,Technology,Accessories,48
CA-2015-126907,1/11/2015,8/11/2015,Standard Class,SM-20950,Corporate,United States,Chicago,Illinois,Central,OFF-PA-10000533,Office Supplies,Paper,16
CA-2017-152163,1/7/2017,1/7/2017,Same Day,JF-15355,Consumer,United States,Columbia,South Carolina,South,OFF-BI-10002215,Office Supplies,Binders,14
CA-2015-128846,7/4/2015,12/4/2015,Standard Class,RS-19765,Corporate,United States,Columbia,South Carolina,South,TEC-PH-10003273,Technology,Phones,630
US-2018-119039,6/3/2018,10/3/2018,Standard Class,BF-11170,Home Office,United States,San Francisco,California,West,OFF-BI-10004182,Office Supplies,Binders,15
CA-2018-128426,7/10/2018,11/10/2018,Standard Class,JK-15730,Consumer,United States,Houston,Texas,Central,OFF-BI-10000756,Office Supplies,Binders,4
US-2018-136868,6/10/2018,12/10/2018,Standard Class,CR-12820,Home Office,United States,New York City,New York,East,TEC-AC-10001539,Technology,Accessories,320
CA-2017-143749,5/12/2017,7/12/2017,First Class,AG-10300,Corporate,United States,Franklin,Massachusetts,East,FUR-BO-10002853,Furniture,Bookcases,82
CA-2016-129392,8/7/2016,8/7/2016,Same Day,DM-13015,Consumer,United States,Houston,Texas,Central,OFF-PA-10004248,Office Supplies,Paper,21
US-2017-161683,3/12/2017,8/12/2017,Standard Class,CJ-12010,Consumer,United States,Philadelphia,Pennsylvania,East,OFF-AP-10000179,Office Supplies,Appliances,395
CA-2016-143105,10/12/2016,10/12/2016,Same Day,MA-17560,Home Office,United States,New York City,New York,East,OFF-LA-10004093,Office Supplies,Labels,7
CA-2015-166457,5/5/2015,9/5/2015,Second Class,PF-19120,Consumer,United States,Richmond,Kentucky,South,OFF-PA-10003016,Office Supplies,Paper,9
CA-2017-164637,4/3/2017,8/3/2017,Standard Class,RD-19480,Consumer,United States,Mishawaka,Indiana,Central,OFF-BI-10003876,Office Supplies,Binders,128
CA-2018-149881,1/4/2018,3/4/2018,First Class,NC-18535,Corporate,United States,San Francisco,California,West,FUR-BO-10003894,Furniture,Bookcases,483
CA-2016-154970,5/1/2016,10/1/2016,Standard Class,SR-20740,Home Office,United States,Seattle,Washington,West,FUR-CH-10003396,Furniture,Chairs,62
CA-2018-100223,5/7/2018,10/7/2018,Standard Class,LS-16945,Corporate,United States,Dallas,Texas,Central,FUR-FU-10003601,Furniture,Furnishings,332
CA-2017-159142,4/4/2017,5/4/2017,First Class,ME-17320,Home Office,United States,Springfield,Virginia,South,TEC-PH-10001448,Technology,Phones,150
CA-2017-157336,1/12/2017,5/12/2017,Second Class,SJ-20500,Consumer,United States,Fairfield,Connecticut,East,OFF-BI-10004236,Office Supplies,Binders,88
CA-2016-101924,4/9/2016,9/9/2016,Standard Class,KB-16585,Corporate,United States,Medford,Oregon,West,OFF-BI-10000962,Office Supplies,Binders,10
CA-2018-158344,7/8/2018,11/8/2018,Standard Class,CC-12475,Consumer,United States,Moorhead,Minnesota,Central,TEC-AC-10002006,Technology,Accessories,64
CA-2018-110429,3/11/2018,8/11/2018,Standard Class,DM-13015,Consumer,United States,Philadelphia,Pennsylvania,East,OFF-BI-10000216,Office Supplies,Binders,12
US-2017-131611,5/11/2017,9/11/2017,Standard Class,EP-13915,Consumer,United States,Houston,Texas,Central,FUR-TA-10002774,Furniture,Tables,863
CA-2018-169124,3/7/2018,10/7/2018,Standard Class,MB-17305,Consumer,United States,Citrus Heights,California,West,FUR-FU-10001215,Furniture,Furnishings,129
CA-2018-117261,4/9/2018,10/9/2018,Standard Class,TH-21235,Corporate,United States,Los Angeles,California,West,OFF-ST-10000419,Office Supplies,Storage,54
CA-2017-121601,4/10/2017,4/10/2017,Same Day,MO-17500,Consumer,United States,The Colony,Texas,Central,OFF-EN-10003862,Office Supplies,Envelopes,60
CA-2015-125829,4/11/2015,11/11/2015,Standard Class,WB-21850,Consumer,United States,Los Angeles,California,West,TEC-PH-10001079,Technology,Phones,666
CA-2015-123127,8/9/2015,12/9/2015,Standard Class,SP-20620,Corporate,United States,Long Beach,New York,East,OFF-AP-10001962,Office Supplies,Appliances,17
US-2018-136189,7/12/2018,11/12/2018,Standard Class,DC-13285,Consumer,United States,Richmond,Virginia,South,FUR-FU-10000175,Furniture,Furnishings,82
CA-2018-118360,1/4/2018,7/4/2018,Standard Class,JC-15775,Consumer,United States,New York City,New York,East,OFF-PA-10000791,Office Supplies,Paper,43
CA-2018-149853,3/10/2018,9/10/2018,Standard Class,PO-18850,Consumer,United States,Hialeah,Florida,South,OFF-PA-10000556,Office Supplies,Paper,16
CA-2018-107909,1/9/2018,6/9/2018,Standard Class,SS-20875,Consumer,United States,Redmond,Washington,West,TEC-AC-10001998,Technology,Accessories,20
CA-2018-107748,10/12/2018,12/12/2018,Second Class,AG-10330,Consumer,United States,Stockton,California,West,TEC-PH-10003215,Technology,Phones,96
CA-2016-155600,4/12/2016,7/12/2016,Second Class,RO-19780,Consumer,United States,Clarksville,Tennessee,South,OFF-BI-10000545,Office Supplies,Binders,1598
CA-2018-162565,11/12/2018,11/12/2018,Same Day,RR-19315,Consumer,United States,Aurora,Illinois,Central,OFF-PA-10001937,Office Supplies,Paper,10
US-2017-165078,5/11/2017,10/11/2017,Standard Class,MA-17995,Home Office,United States,Lawrence,Indiana,Central,OFF-BI-10001989,Office Supplies,Binders,105
CA-2017-108868,8/9/2017,12/9/2017,Standard Class,KB-16585,Corporate,United States,Dallas,Texas,Central,OFF-AR-10001953,Office Supplies,Art,70
US-2015-138758,7/7/2015,11/7/2015,Standard Class,JL-15835,Consumer,United States,Philadelphia,Pennsylvania,East,FUR-CH-10002880,Furniture,Chairs,172
CA-2015-127936,2/9/2015,4/9/2015,First Class,CL-12565,Consumer,United States,New York City,New York,East,OFF-AR-10002445,Office Supplies,Art,21
CA-2016-164336,5/7/2016,10/7/2016,Standard Class,MW-18220,Consumer,United States,Philadelphia,Pennsylvania,East,TEC-AC-10002345,Technology,Accessories,35
US-2015-154879,6/5/2015,11/5/2015,Standard Class,SN-20710,Home Office,United States,Los Angeles,California,West,OFF-LA-10004425,Office Supplies,Labels,6
CA-2018-112900,9/4/2018,12/4/2018,Second Class,KL-16645,Consumer,United States,Detroit,Michigan,Central,OFF-BI-10002867,Office Supplies,Binders,478
CA-2015-117016,4/3/2015,9/3/2015,Standard Class,SC-20095,Consumer,United States,Margate,Florida,South,OFF-AR-10001374,Office Supplies,Art,16
CA-2017-168893,3/11/2017,8/11/2017,Second Class,AP-10915,Consumer,United States,Henderson,Kentucky,South,OFF-FA-10002280,Office Supplies,Fasteners,20
CA-2017-163398,3/5/2017,8/5/2017,Standard Class,CB-12415,Consumer,United States,Chicago,Illinois,Central,OFF-BI-10000014,Office Supplies,Binders,2
CA-2017-147137,4/7/2017,6/7/2017,First Class,AA-10645,Consumer,United States,San Francisco,California,West,FUR-FU-10000221,Furniture,Furnishings,25
US-2016-146745,3/9/2016,8/9/2016,Standard Class,AS-10630,Home Office,United States,San Francisco,California,West,FUR-CH-10002372,Furniture,Chairs,130
CA-2018-115175,7/8/2018,12/8/2018,Standard Class,MC-17575,Consumer,United States,San Jose,California,West,OFF-PA-10001878,Office Supplies,Paper,245
CA-2016-163895,7/8/2016,11/8/2016,Standard Class,NS-18640,Corporate,United States,Boise,Idaho,West,OFF-BI-10004970,Office Supplies,Binders,3
CA-2018-156895,8/5/2018,12/5/2018,Standard Class,DJ-13510,Corporate,United States,Philadelphia,Pennsylvania,East,FUR-CH-10003535,Furniture,Chairs,128
CA-2017-109365,3/11/2017,8/11/2017,Standard Class,XP-21865,Consumer,United States,Los Angeles,California,West,OFF-FA-10001561,Office Supplies,Fasteners,15
CA-2016-162621,5/9/2016,11/9/2016,Standard Class,CA-12055,Home Office,United States,Houston,Texas,Central,OFF-BI-10000962,Office Supplies,Binders,16
CA-2015-150798,1/12/2015,3/12/2015,Second Class,JK-15730,Consumer,United States,Columbus,Ohio,East,TEC-CO-10001571,Technology,Copiers,660
CA-2018-155075,2/12/2018,9/12/2018,Standard Class,GW-14605,Consumer,United States,Philadelphia,Pennsylvania,East,OFF-BI-10003650,Office Supplies,Binders,631
CA-2017-118969,2/10/2017,3/10/2017,First Class,LP-17095,Consumer,United States,Phoenix,Arizona,West,OFF-BI-10002429,Office Supplies,Binders,55
CA-2017-145240,6/9/2017,8/9/2017,First Class,BG-11740,Consumer,United States,Houston,Texas,Central,OFF-ST-10001590,Office Supplies,Storage,11
CA-2015-107454,2/11/2015,6/11/2015,Standard Class,RD-19720,Consumer,United States,New York City,New York,East,OFF-LA-10001569,Office Supplies,Labels,35
CA-2018-152856,8/9/2018,10/9/2018,Second Class,RS-19765,Corporate,United States,Marion,Ohio,East,TEC-AC-10004864,Technology,Accessories,117
CA-2015-140403,10/10/2015,10/10/2015,Same Day,TN-21040,Home Office,United States,Manteca,California,West,FUR-CH-10002774,Furniture,Chairs,122
CA-2018-138464,8/7/2018,12/7/2018,Standard Class,VF-21715,Home Office,United States,Seattle,Washington,West,FUR-FU-10003142,Furniture,Furnishings,16
CA-2015-110219,5/5/2015,8/5/2015,First Class,EB-13870,Consumer,United States,San Antonio,Texas,Central,FUR-CH-10001146,Furniture,Chairs,128
CA-2016-118871,4/12/2016,9/12/2016,Second Class,HM-14860,Corporate,United States,Los Angeles,California,West,OFF-EN-10003296,Office Supplies,Envelopes,271
US-2018-149510,3/12/2018,10/12/2018,Standard Class,MC-17575,Consumer,United States,Fayetteville,North Carolina,South,OFF-AP-10002350,Office Supplies,Appliances,45
CA-2017-121993,10/6/2017,12/6/2017,First Class,JB-16000,Consumer,United States,Philadelphia,Pennsylvania,East,OFF-LA-10003720,Office Supplies,Labels,24
US-2018-163790,2/11/2018,4/11/2018,Second Class,NL-18310,Home Office,United States,Danville,California,West,OFF-EN-10001335,Office Supplies,Envelopes,77
CA-2017-140564,5/12/2017,10/12/2017,Second Class,TC-21475,Home Office,United States,Washington,District of Columbia,East,OFF-AR-10000034,Office Supplies,Art,34
CA-2017-144540,5/9/2017,10/9/2017,Standard Class,GH-14410,Home Office,United States,Houston,Texas,Central,OFF-AP-10002457,Office Supplies,Appliances,63
CA-2016-159863,4/9/2016,7/9/2016,Second Class,DS-13180,Corporate,United States,Houston,Texas,Central,TEC-AC-10000109,Technology,Accessories,134
CA-2016-161214,5/10/2016,8/10/2016,Second Class,SF-20965,Corporate,United States,Wilmington,Delaware,East,OFF-ST-10001328,Office Supplies,Storage,78
CA-2018-168396,3/8/2018,8/8/2018,Second Class,BD-11725,Consumer,United States,San Francisco,California,West,OFF-LA-10001297,Office Supplies,Labels,52
CA-2016-147501,2/8/2016,6/8/2016,Standard Class,Co-12640,Consumer,United States,Seattle,Washington,West,OFF-BI-10002003,Office Supplies,Binders,6
CA-2018-150987,8/4/2018,12/4/2018,Standard Class,AH-10120,Home Office,United States,San Francisco,California,West,OFF-PA-10001878,Office Supplies,Paper,245
CA-2015-160738,5/5/2015,10/5/2015,Standard Class,KH-16330,Corporate,United States,Freeport,Illinois,Central,OFF-ST-10003442,Office Supplies,Storage,45
CA-2016-112130,3/5/2016,7/5/2016,Standard Class,SV-20785,Consumer,United States,Philadelphia,Pennsylvania,East,OFF-AR-10001468,Office Supplies,Art,60
US-2018-133200,6/5/2018,11/5/2018,Standard Class,DB-13555,Corporate,United States,Fort Worth,Texas,Central,OFF-BI-10002827,Office Supplies,Binders,11
CA-2017-127698,1/12/2017,1/12/2017,Same Day,MV-18190,Consumer,United States,Raleigh,North Carolina,South,TEC-PH-10003811,Technology,Phones,864
CA-2018-143126,3/12/2018,7/12/2018,Second Class,CM-12655,Home Office,United States,Seattle,Washington,West,FUR-TA-10002958,Furniture,Tables,522
CA-2016-109736,10/10/2016,11/10/2016,First Class,DJ-13420,Corporate,United States,San Francisco,California,West,OFF-PA-10004101,Office Supplies,Paper,45
CA-2015-106229,7/6/2015,11/6/2015,Second Class,NR-18550,Consumer,United States,Aurora,Illinois,Central,FUR-TA-10002041,Furniture,Tables,269
US-2018-135230,1/9/2018,7/9/2018,Standard Class,CK-12325,Home Office,United States,Seattle,Washington,West,OFF-AR-10001166,Office Supplies,Art,8
CA-2015-123323,7/11/2015,12/11/2015,Standard Class,LH-16900,Consumer,United States,San Francisco,California,West,OFF-BI-10003684,Office Supplies,Binders,123
CA-2017-120530,7/4/2017,12/4/2017,Standard Class,Dl-13600,Corporate,United States,New York City,New York,East,FUR-CH-10000454,Furniture,Chairs,659
CA-2018-168123,5/3/2018,5/3/2018,Same Day,JD-16060,Consumer,United States,Rochester,Minnesota,Central,OFF-FA-10002763,Office Supplies,Fasteners,8
CA-2017-120005,3/3/2017,3/3/2017,Same Day,TS-21160,Corporate,United States,San Francisco,California,West,OFF-SU-10004782,Office Supplies,Supplies,25
CA-2017-127649,7/10/2017,9/10/2017,First Class,DL-13495,Corporate,United States,Spokane,Washington,West,TEC-MA-10001972,Technology,Machines,838
CA-2018-126354,3/2/2018,8/2/2018,Standard Class,SC-20380,Consumer,United States,Pembroke Pines,Florida,South,OFF-BI-10000301,Office Supplies,Binders,4
CA-2015-121573,3/11/2015,7/11/2015,Standard Class,SG-20605,Consumer,United States,New York City,New York,East,TEC-PH-10000984,Technology,Phones,784
CA-2016-123155,9/3/2016,12/3/2016,First Class,NS-18640,Corporate,United States,San Antonio,Texas,Central,TEC-AC-10002473,Technology,Accessories,114
CA-2018-158883,2/6/2018,3/6/2018,Same Day,CS-11860,Consumer,United States,Jacksonville,North Carolina,South,OFF-PA-10004733,Office Supplies,Paper,25
CA-2018-132346,7/11/2018,11/11/2018,Standard Class,PK-19075,Consumer,United States,Newark,Delaware,East,OFF-AP-10000696,Office Supplies,Appliances,101
CA-2015-150301,8/7/2015,10/7/2015,First Class,MH-18025,Consumer,United States,Buffalo,New York,East,FUR-CH-10002647,Furniture,Chairs,64
CA-2015-159310,7/11/2015,12/11/2015,Standard Class,SC-20725,Consumer,United States,Houston,Texas,Central,FUR-CH-10002758,Furniture,Chairs,683
CA-2017-111696,8/5/2017,10/5/2017,First Class,TB-21625,Consumer,United States,Los Angeles,California,West,OFF-PA-10002751,Office Supplies,Paper,18
CA-2016-140025,7/4/2016,11/4/2016,Standard Class,PF-19120,Consumer,United States,San Antonio,Texas,Central,OFF-AP-10002651,Office Supplies,Appliances,463
CA-2017-134222,10/7/2017,11/7/2017,Same Day,NZ-18565,Home Office,United States,Yuma,Arizona,West,OFF-BI-10001658,Office Supplies,Binders,45
CA-2015-152562,1/11/2015,8/11/2015,Standard Class,JO-15145,Corporate,United States,Richmond,Kentucky,South,OFF-ST-10000464,Office Supplies,Storage,70
CA-2015-120278,7/11/2015,12/11/2015,Standard Class,MS-17365,Consumer,United States,Wausau,Wisconsin,Central,OFF-AP-10001293,Office Supplies,Appliances,246
CA-2018-167661,5/10/2018,10/10/2018,Standard Class,MP-18175,Home Office,United States,San Francisco,California,West,OFF-BI-10002571,Office Supplies,Binders,40
CA-2018-106831,1/6/2018,3/6/2018,First Class,FH-14350,Consumer,United States,Dublin,Ohio,East,OFF-BI-10003429,Office Supplies,Binders,4
US-2017-139388,7/11/2017,9/11/2017,First Class,CC-12475,Consumer,United States,Lakewood,New Jersey,East,OFF-FA-10004968,Office Supplies,Fasteners,15
US-2015-128685,4/4/2015,5/4/2015,First Class,MZ-17515,Corporate,United States,Los Angeles,California,West,OFF-BI-10004140,Office Supplies,Binders,7
CA-2015-132864,2/12/2015,7/12/2015,Standard Class,KN-16390,Corporate,United States,Columbus,Ohio,East,TEC-AC-10001267,Technology,Accessories,120
US-2015-155817,3/10/2015,9/10/2015,Standard Class,SL-20155,Home Office,United States,Durham,North Carolina,South,OFF-ST-10000532,Office Supplies,Storage,62
CA-2018-143567,2/11/2018,5/11/2018,Second Class,TB-21175,Corporate,United States,Henderson,Kentucky,South,OFF-EN-10004846,Office Supplies,Envelopes,5
CA-2018-110884,7/3/2018,12/3/2018,Standard Class,SH-20395,Consumer,United States,New York City,New York,East,OFF-BI-10003669,Office Supplies,Binders,26
US-2015-161613,1/12/2015,3/12/2015,Second Class,MC-17605,Corporate,United States,Houston,Texas,Central,FUR-CH-10003746,Furniture,Chairs,674
CA-2018-163125,9/10/2018,11/10/2018,Second Class,MB-17305,Consumer,United States,League City,Texas,Central,OFF-AR-10004344,Office Supplies,Art,67
CA-2017-160304,2/1/2017,7/1/2017,Standard Class,BM-11575,Corporate,United States,Gaithersburg,Maryland,East,FUR-BO-10004709,Furniture,Bookcases,174
CA-2018-143245,1/12/2018,6/12/2018,Standard Class,AD-10180,Home Office,United States,Fairfield,Connecticut,East,OFF-PA-10001972,Office Supplies,Paper,19
US-2015-138828,2/9/2015,3/9/2015,First Class,KD-16345,Consumer,United States,New York City,New York,East,OFF-AR-10000658,Office Supplies,Art,58
CA-2017-151372,5/9/2017,6/9/2017,First Class,JH-15985,Consumer,United States,Redondo Beach,California,West,OFF-PA-10004381,Office Supplies,Paper,96
CA-2015-102085,4/10/2015,9/10/2015,Standard Class,JD-16015,Consumer,United States,Seattle,Washington,West,OFF-LA-10002475,Office Supplies,Labels,29
CA-2018-117926,8/12/2018,12/12/2018,Second Class,AS-10225,Corporate,United States,San Francisco,California,West,OFF-AP-10002670,Office Supplies,Appliances,69
CA-2015-156587,7/3/2015,8/3/2015,First Class,AB-10015,Consumer,United States,Seattle,Washington,West,FUR-CH-10004477,Furniture,Chairs,49
CA-2016-122406,2/8/2016,5/8/2016,Second Class,BE-11455,Home Office,United States,Providence,Rhode Island,East,TEC-PH-10001527,Technology,Phones,129
US-2017-153815,6/11/2017,9/11/2017,First Class,KL-16555,Corporate,United States,Jacksonville,Florida,South,FUR-CH-10000513,Furniture,Chairs,208
CA-2017-164896,7/11/2017,12/11/2017,Standard Class,PS-19045,Home Office,United States,Oceanside,California,West,OFF-PA-10002246,Office Supplies,Paper,13
CA-2016-165050,7/12/2016,9/12/2016,First Class,AH-10210,Consumer,United States,New York City,New York,East,OFF-BI-10001031,Office Supplies,Binders,21
CA-2017-109925,6/11/2017,10/11/2017,Second Class,IM-15070,Consumer,United States,San Diego,California,West,OFF-ST-10003442,Office Supplies,Storage,85
CA-2016-160696,6/9/2016,10/9/2016,Standard Class,CK-12760,Corporate,United States,Nashville,Tennessee,South,OFF-FA-10003059,Office Supplies,Fasteners,7
CA-2015-125171,3/9/2015,3/9/2015,Same Day,AG-10390,Consumer,United States,New York City,New York,East,OFF-LA-10001175,Office Supplies,Labels,14
CA-2015-132227,4/11/2015,10/11/2015,Standard Class,SZ-20035,Home Office,United States,New York City,New York,East,OFF-BI-10000962,Office Supplies,Binders,52
CA-2018-159688,7/5/2018,12/5/2018,Standard Class,AB-10060,Home Office,United States,Los Angeles,California,West,TEC-AC-10000736,Technology,Accessories,80
CA-2017-155033,7/10/2017,12/10/2017,Standard Class,CC-12475,Consumer,United States,Los Angeles,California,West,OFF-PA-10000143,Office Supplies,Paper,11
CA-2015-151792,2/9/2015,7/9/2015,Second Class,CV-12295,Consumer,United States,Chicago,Illinois,Central,TEC-AC-10001606,Technology,Accessories,240
CA-2015-169803,6/4/2015,12/4/2015,Standard Class,SC-20260,Corporate,United States,Seattle,Washington,West,FUR-TA-10000688,Furniture,Tables,654
CA-2016-136469,11/7/2016,12/7/2016,First Class,TS-21370,Corporate,United States,Wilmington,Delaware,East,FUR-TA-10001520,Furniture,Tables,200
CA-2016-134922,7/11/2016,11/11/2016,Standard Class,KB-16240,Corporate,United States,Philadelphia,Pennsylvania,East,OFF-EN-10000483,Office Supplies,Envelopes,24
CA-2016-141243,3/1/2016,8/1/2016,Second Class,AH-10465,Consumer,United States,Dallas,Texas,Central,TEC-AC-10003198,Technology,Accessories,398
CA-2016-162166,8/9/2016,11/9/2016,First Class,NM-18520,Consumer,United States,Moreno Valley,California,West,OFF-PA-10002606,Office Supplies,Paper,26
CA-2017-120796,3/4/2017,7/4/2017,Standard Class,CS-11950,Consumer,United States,Philadelphia,Pennsylvania,East,OFF-BI-10004330,Office Supplies,Binders,100
CA-2017-109722,5/12/2017,7/12/2017,Second Class,TP-21130,Consumer,United States,Georgetown,Kentucky,South,TEC-PH-10000560,Technology,Phones,700
CA-2016-136798,8/5/2016,12/5/2016,Standard Class,DL-12925,Consumer,United States,Minneapolis,Minnesota,Central,OFF-BI-10003684,Office Supplies,Binders,44
CA-2015-124478,8/8/2015,12/8/2015,Standard Class,MA-17560,Home Office,United States,Trenton,Michigan,Central,TEC-CO-10001571,Technology,Copiers,550
CA-2016-145485,5/11/2016,5/11/2016,Same Day,JM-16195,Consumer,United States,San Francisco,California,West,OFF-ST-10000649,Office Supplies,Storage,63
CA-2017-155138,8/9/2017,12/9/2017,Standard Class,JM-15580,Consumer,United States,Monroe,North Carolina,South,TEC-AC-10004209,Technology,Accessories,35
CA-2017-108350,6/6/2017,9/6/2017,Second Class,SC-20230,Corporate,United States,Lowell,Massachusetts,East,OFF-PA-10003656,Office Supplies,Paper,106
CA-2016-109001,5/3/2016,9/3/2016,Standard Class,KN-16390,Corporate,United States,Philadelphia,Pennsylvania,East,TEC-PH-10000562,Technology,Phones,466
CA-2018-132738,4/8/2018,7/8/2018,First Class,HM-14860,Corporate,United States,Loveland,Colorado,West,OFF-PA-10001752,Office Supplies,Paper,8
US-2015-140452,6/12/2015,10/12/2015,Standard Class,BK-11260,Consumer,United States,Chicago,Illinois,Central,OFF-AP-10004036,Office Supplies,Appliances,14
CA-2016-141936,7/8/2016,12/8/2016,Standard Class,PN-18775,Home Office,United States,Bakersfield,California,West,OFF-BI-10002194,Office Supplies,Binders,19
CA-2015-149538,4/4/2015,8/4/2015,Standard Class,KB-16585,Corporate,United States,Lafayette,Louisiana,South,OFF-ST-10004180,Office Supplies,Storage,233
CA-2016-154886,8/11/2016,12/11/2016,Standard Class,SW-20455,Consumer,United States,San Francisco,California,West,TEC-AC-10001956,Technology,Accessories,120
CA-2017-111213,1/4/2017,5/4/2017,Standard Class,FP-14320,Consumer,United States,New York City,New York,East,FUR-CH-10000454,Furniture,Chairs,1317
CA-2018-161333,2/2/2018,7/2/2018,Standard Class,JL-15835,Consumer,United States,Los Angeles,California,West,FUR-FU-10003039,Furniture,Furnishings,86
CA-2018-125101,6/3/2018,10/3/2018,Second Class,SH-19975,Corporate,United States,San Francisco,California,West,OFF-ST-10000675,Office Supplies,Storage,68
US-2016-124219,7/8/2016,8/8/2016,First Class,KW-16570,Consumer,United States,Kirkwood,Missouri,Central,OFF-BI-10002215,Office Supplies,Binders,28
CA-2016-161627,6/7/2016,11/7/2016,Standard Class,SJ-20215,Consumer,United States,Pasadena,California,West,FUR-CH-10003968,Furniture,Chairs,170
CA-2016-107741,8/3/2016,10/3/2016,First Class,FC-14335,Corporate,United States,Pueblo,Colorado,West,OFF-AR-10002399,Office Supplies,Art,3
CA-2017-148908,5/11/2017,8/11/2017,First Class,JH-15985,Consumer,United States,San Francisco,California,West,OFF-BI-10002082,Office Supplies,Binders,53
US-2018-141943,5/5/2018,9/5/2018,Standard Class,DK-12985,Consumer,United States,San Francisco,California,West,OFF-EN-10003448,Office Supplies,Envelopes,23
CA-2017-103982,3/3/2017,8/3/2017,Standard Class,AA-10315,Consumer,United States,Round Rock,Texas,Central,OFF-SU-10000151,Office Supplies,Supplies,3930
CA-2018-145653,1/9/2018,1/9/2018,Same Day,CA-12775,Consumer,United States,Detroit,Michigan,Central,FUR-CH-10004875,Furniture,Chairs,498
CA-2018-146367,4/8/2018,8/8/2018,Standard Class,HM-14860,Corporate,United States,Carrollton,Texas,Central,OFF-BI-10002827,Office Supplies,Binders,3
CA-2017-156265,2/8/2017,4/8/2017,Second Class,BF-11020,Corporate,United States,Los Angeles,California,West,FUR-TA-10001691,Furniture,Tables,136
US-2018-110989,3/11/2018,5/11/2018,Second Class,EJ-14155,Consumer,United States,Seattle,Washington,West,TEC-AC-10002345,Technology,Accessories,44
US-2015-131982,7/3/2015,11/3/2015,Second Class,NP-18685,Home Office,United States,Des Moines,Washington,West,OFF-BI-10004224,Office Supplies,Binders,108
CA-2016-125185,5/3/2016,7/3/2016,Second Class,AH-10195,Corporate,United States,Bethlehem,Pennsylvania,East,FUR-CH-10002647,Furniture,Chairs,99
US-2018-114034,3/1/2018,8/1/2018,Standard Class,DL-13315,Consumer,United States,Rancho Cucamonga,California,West,OFF-PA-10004735,Office Supplies,Paper,39
US-2018-115595,9/10/2018,11/10/2018,First Class,XP-21865,Consumer,United States,Los Angeles,California,West,OFF-PA-10001745,Office Supplies,Paper,35
CA-2015-105165,7/9/2015,10/9/2015,First Class,SZ-20035,Home Office,United States,Houston,Texas,Central,TEC-PH-10000675,Technology,Phones,197
CA-2018-144484,11/9/2018,11/9/2018,Same Day,CB-12025,Consumer,United States,San Francisco,California,West,FUR-FU-10000260,Furniture,Furnishings,32
CA-2016-162887,7/11/2016,9/11/2016,Second Class,SV-20785,Consumer,United States,Burlington,Vermont,East,FUR-CH-10000595,Furniture,Chairs,715
US-2018-104094,7/9/2018,11/9/2018,Standard Class,AG-10675,Consumer,United States,Milwaukee,Wisconsin,Central,TEC-AC-10002134,Technology,Accessories,13
CA-2018-152709,7/10/2018,12/10/2018,Standard Class,DB-13210,Consumer,United States,Detroit,Michigan,Central,OFF-ST-10001837,Office Supplies,Storage,86
CA-2016-105158,5/9/2016,10/9/2016,Standard Class,SP-20860,Corporate,United States,Rochester,Minnesota,Central,FUR-FU-10001706,Furniture,Furnishings,6
CA-2018-105991,5/5/2018,6/5/2018,First Class,LH-17020,Consumer,United States,Louisville,Colorado,West,OFF-EN-10002600,Office Supplies,Envelopes,21
CA-2018-142174,4/3/2018,9/3/2018,Standard Class,DP-13000,Consumer,United States,Houston,Texas,Central,OFF-PA-10000806,Office Supplies,Paper,90
CA-2017-154060,2/5/2017,8/5/2017,Standard Class,DL-12865,Consumer,United States,Greensboro,North Carolina,South,FUR-CH-10002304,Furniture,Chairs,187
US-2018-162558,2/10/2018,5/10/2018,First Class,Dp-13240,Home Office,United States,Knoxville,Tennessee,South,FUR-FU-10002364,Furniture,Furnishings,12
CA-2016-119508,4/12/2016,9/12/2016,Standard Class,TZ-21580,Consumer,United States,Lakewood,California,West,OFF-AR-10003723,Office Supplies,Art,17
CA-2015-130813,6/1/2015,8/1/2015,Second Class,LS-17230,Consumer,United States,Los Angeles,California,West,OFF-PA-10002005,Office Supplies,Paper,19
CA-2016-120320,5/3/2016,9/3/2016,Standard Class,MV-18190,Consumer,United States,Houston,Texas,Central,TEC-PH-10000149,Technology,Phones,32
CA-2017-123120,4/9/2017,8/9/2017,Standard Class,CV-12295,Consumer,United States,New York City,New York,East,FUR-FU-10004748,Furniture,Furnishings,64
CA-2016-149811,4/1/2016,10/1/2016,Standard Class,CS-12250,Corporate,United States,Woodbury,Minnesota,Central,OFF-BI-10003676,Office Supplies,Binders,32
CA-2017-123932,6/9/2017,12/9/2017,Standard Class,YC-21895,Corporate,United States,Dallas,Texas,Central,OFF-PA-10004665,Office Supplies,Paper,42
US-2017-101616,3/9/2017,6/9/2017,First Class,CY-12745,Corporate,United States,Monroe,Louisiana,South,OFF-BI-10000014,Office Supplies,Binders,87
CA-2015-150490,5/8/2015,11/8/2015,Standard Class,SS-20590,Consumer,United States,San Francisco,California,West,TEC-AC-10004510,Technology,Accessories,16
CA-2018-100951,9/6/2018,10/6/2018,First Class,NC-18625,Corporate,United States,Dallas,Texas,Central,OFF-ST-10001496,Office Supplies,Storage,721
US-2018-136721,8/4/2018,12/4/2018,Standard Class,NH-18610,Corporate,United States,Oak Park,Michigan,Central,FUR-FU-10004665,Furniture,Furnishings,274
CA-2015-125542,5/12/2015,7/12/2015,First Class,NB-18655,Corporate,United States,Philadelphia,Pennsylvania,East,OFF-EN-10000056,Office Supplies,Envelopes,348
CA-2017-149195,5/9/2017,7/9/2017,Second Class,DM-13525,Corporate,United States,Houston,Texas,Central,OFF-PA-10001870,Office Supplies,Paper,26
CA-2018-163874,10/11/2018,12/11/2018,Second Class,NC-18535,Corporate,United States,Seattle,Washington,West,OFF-BI-10000088,Office Supplies,Binders,26
CA-2015-132542,6/10/2015,8/10/2015,Second Class,AM-10360,Corporate,United States,Omaha,Nebraska,Central,OFF-BI-10004099,Office Supplies,Binders,15
CA-2018-103009,3/11/2018,5/11/2018,Second Class,PJ-18835,Corporate,United States,Richmond,Kentucky,South,OFF-PA-10001215,Office Supplies,Paper,26
CA-2017-153598,3/12/2017,6/12/2017,First Class,NM-18520,Consumer,United States,Los Angeles,California,West,TEC-AC-10003870,Technology,Accessories,1650
CA-2017-113096,2/9/2017,4/9/2017,First Class,SZ-20035,Home Office,United States,San Francisco,California,West,OFF-ST-10003455,Office Supplies,Storage,47
CA-2015-136861,5/9/2015,7/9/2015,First Class,PR-18880,Consumer,United States,Saint Petersburg,Florida,South,FUR-FU-10001967,Furniture,Furnishings,32
CA-2015-103317,5/7/2015,8/7/2015,First Class,DM-13525,Corporate,United States,Palm Coast,Florida,South,FUR-FU-10001591,Furniture,Furnishings,20
CA-2017-167115,4/4/2017,9/4/2017,Standard Class,EH-14185,Consumer,United States,New York City,New York,East,OFF-BI-10004600,Office Supplies,Binders,589
CA-2018-116680,4/9/2018,6/9/2018,Second Class,PK-19075,Consumer,United States,San Francisco,California,West,OFF-BI-10004022,Office Supplies,Binders,13
CA-2018-134495,1/4/2018,4/4/2018,Second Class,BF-11020,Corporate,United States,Jacksonville,Florida,South,TEC-PH-10004897,Technology,Phones,24
CA-2016-113523,4/9/2016,8/9/2016,Standard Class,SC-20440,Corporate,United States,Philadelphia,Pennsylvania,East,OFF-BI-10001249,Office Supplies,Binders,8
CA-2018-127782,2/11/2018,6/11/2018,Standard Class,TH-21115,Corporate,United States,Philadelphia,Pennsylvania,East,FUR-FU-10001847,Furniture,Furnishings,3
US-2017-162026,8/10/2017,8/10/2017,Same Day,JE-15745,Consumer,United States,Los Angeles,California,West,OFF-PA-10000167,Office Supplies,Paper,62
CA-2016-168529,8/10/2016,12/10/2016,Standard Class,MB-17305,Consumer,United States,San Francisco,California,West,FUR-FU-10001588,Furniture,Furnishings,146
CA-2018-117667,4/12/2018,9/12/2018,Standard Class,MS-17980,Corporate,United States,Philadelphia,Pennsylvania,East,FUR-CH-10004540,Furniture,Chairs,240
CA-2017-110982,5/6/2017,7/6/2017,First Class,CK-12205,Consumer,United States,Santa Clara,California,West,OFF-BI-10000829,Office Supplies,Binders,22
CA-2017-147123,10/12/2017,12/12/2017,First Class,SJ-20125,Home Office,United States,Long Beach,California,West,OFF-PA-10000575,Office Supplies,Paper,80
CA-2016-142055,8/5/2016,10/5/2016,First Class,AB-10255,Home Office,United States,New York City,New York,East,OFF-PA-10003465,Office Supplies,Paper,38
CA-2018-136609,6/8/2018,11/8/2018,Standard Class,TB-21355,Corporate,United States,Cedar Hill,Texas,Central,OFF-PA-10004381,Office Supplies,Paper,115
CA-2018-160885,2/12/2018,6/12/2018,Standard Class,JK-16090,Consumer,United States,Omaha,Nebraska,Central,TEC-PH-10001795,Technology,Phones,2480
US-2017-167472,6/6/2017,7/6/2017,First Class,CK-12595,Consumer,United States,Little Rock,Arkansas,South,TEC-AC-10001109,Technology,Accessories,180
CA-2018-151008,7/9/2018,8/9/2018,First Class,JM-16195,Consumer,United States,Draper,Utah,West,FUR-FU-10002396,Furniture,Furnishings,25
CA-2018-116113,2/10/2018,6/10/2018,Second Class,JW-15220,Corporate,United States,Montgomery,Alabama,South,FUR-FU-10002963,Furniture,Furnishings,10
US-2016-114741,6/12/2016,10/12/2016,Standard Class,IL-15100,Consumer,United States,North Las Vegas,Nevada,West,OFF-PA-10000048,Office Supplies,Paper,6
CA-2015-151162,5/12/2015,9/12/2015,Standard Class,EA-14035,Corporate,United States,Columbus,Ohio,East,OFF-PA-10001033,Office Supplies,Paper,98
CA-2018-163818,4/10/2018,8/10/2018,Standard Class,PS-18970,Home Office,United States,Clinton,Maryland,East,FUR-FU-10000076,Furniture,Furnishings,20
CA-2017-115224,8/12/2017,11/12/2017,Second Class,DB-13615,Consumer,United States,San Francisco,California,West,OFF-ST-10000615,Office Supplies,Storage,34
CA-2015-108903,3/10/2015,3/10/2015,Same Day,DO-13435,Consumer,United States,Columbus,Ohio,East,OFF-AR-10004010,Office Supplies,Art,56
CA-2016-142475,3/12/2016,7/12/2016,Standard Class,BS-11380,Corporate,United States,New York City,New York,East,OFF-BI-10003718,Office Supplies,Binders,590
CA-2016-168634,6/12/2016,11/12/2016,Standard Class,AF-10870,Consumer,United States,San Francisco,California,West,OFF-AP-10001626,Office Supplies,Appliances,8
CA-2016-145828,5/10/2016,7/10/2016,First Class,MB-17305,Consumer,United States,Cincinnati,Ohio,East,TEC-AC-10002323,Technology,Accessories,53
CA-2017-147431,2/2/2017,7/2/2017,Standard Class,AB-10105,Consumer,United States,New York City,New York,East,OFF-ST-10003994,Office Supplies,Storage,118
CA-2016-134943,5/12/2016,6/12/2016,First Class,SU-20665,Home Office,United States,Ann Arbor,Michigan,Central,OFF-BI-10000666,Office Supplies,Binders,153
CA-2018-123022,3/9/2018,8/9/2018,Standard Class,SC-20050,Home Office,United States,La Mesa,California,West,OFF-BI-10002225,Office Supplies,Binders,83
CA-2018-106355,2/4/2018,5/4/2018,First Class,AT-10435,Home Office,United States,Meriden,Connecticut,East,OFF-AR-10000246,Office Supplies,Art,11
CA-2017-127985,1/4/2017,5/4/2017,Second Class,DB-12910,Home Office,United States,Columbus,Georgia,South,FUR-FU-10003274,Furniture,Furnishings,7
CA-2016-104241,4/1/2016,9/1/2016,Standard Class,AG-10495,Corporate,United States,Alexandria,Virginia,South,FUR-FU-10001473,Furniture,Furnishings,192
CA-2018-168179,2/11/2018,7/11/2018,Standard Class,JB-16000,Consumer,United States,Salt Lake City,Utah,West,OFF-PA-10001800,Office Supplies,Paper,19
CA-2018-109099,6/10/2018,11/10/2018,Standard Class,MM-18280,Corporate,United States,New York City,New York,East,OFF-PA-10001033,Office Supplies,Paper,41
US-2015-134187,4/11/2015,11/11/2015,Standard Class,TH-21235,Corporate,United States,Long Beach,California,West,OFF-AR-10000940,Office Supplies,Art,3
CA-2016-141012,9/6/2016,11/6/2016,Second Class,TG-21640,Consumer,United States,Pocatello,Idaho,West,FUR-FU-10003192,Furniture,Furnishings,355
CA-2015-164315,2/4/2015,8/4/2015,Standard Class,RD-19585,Consumer,United States,Athens,Georgia,South,OFF-PA-10004248,Office Supplies,Paper,16
CA-2016-131072,5/11/2016,5/11/2016,Same Day,KL-16645,Consumer,United States,Seattle,Washington,West,OFF-BI-10002794,Office Supplies,Binders,98
CA-2017-126165,5/5/2017,7/5/2017,Second Class,AH-10465,Consumer,United States,San Francisco,California,West,FUR-TA-10001676,Furniture,Tables,71
CA-2017-143441,5/11/2017,5/11/2017,Same Day,EB-14170,Consumer,United States,Laredo,Texas,Central,OFF-LA-10002312,Office Supplies,Labels,12
CA-2018-148320,3/11/2018,8/11/2018,Standard Class,PG-18895,Consumer,United States,San Francisco,California,West,OFF-PA-10003022,Office Supplies,Paper,36
CA-2015-155593,3/11/2015,8/11/2015,Standard Class,RP-19390,Consumer,United States,Fairfield,Connecticut,East,OFF-SU-10002522,Office Supplies,Supplies,12
US-2015-143707,1/3/2015,5/3/2015,Standard Class,HR-14770,Home Office,United States,New York City,New York,East,TEC-PH-10003655,Technology,Phones,6
CA-2016-124107,9/10/2016,12/10/2016,Second Class,BM-11650,Corporate,United States,Ann Arbor,Michigan,Central,TEC-AC-10002049,Technology,Accessories,620
CA-2016-110548,4/5/2016,8/5/2016,Standard Class,AH-10690,Corporate,United States,Houston,Texas,Central,TEC-PH-10002922,Technology,Phones,946
CA-2017-113733,8/12/2017,12/12/2017,Standard Class,LH-16900,Consumer,United States,Greenville,North Carolina,South,TEC-PH-10002496,Technology,Phones,250
CA-2017-118514,3/2/2017,10/2/2017,Standard Class,LC-17050,Consumer,United States,Richmond,Kentucky,South,FUR-CH-10000015,Furniture,Chairs,866
CA-2016-162047,3/11/2016,5/11/2016,First Class,FH-14365,Corporate,United States,Long Beach,New York,East,FUR-CH-10004983,Furniture,Chairs,1449
CA-2016-117772,10/9/2016,12/9/2016,Second Class,MC-17575,Consumer,United States,Seattle,Washington,West,OFF-ST-10003994,Office Supplies,Storage,354
CA-2018-126396,8/9/2018,12/9/2018,Second Class,AR-10345,Corporate,United States,Houston,Texas,Central,TEC-AC-10003116,Technology,Accessories,85
CA-2017-105277,4/12/2017,8/12/2017,Standard Class,LM-17065,Consumer,United States,Auburn,New York,East,OFF-BI-10000301,Office Supplies,Binders,16
CA-2017-112060,4/12/2017,9/12/2017,Standard Class,KT-16465,Consumer,United States,San Francisco,California,West,OFF-PA-10000994,Office Supplies,Paper,105
US-2016-159513,2/4/2016,9/4/2016,Standard Class,JD-15790,Consumer,United States,Los Angeles,California,West,TEC-MA-10003329,Technology,Machines,72
CA-2018-141117,2/10/2018,8/10/2018,Standard Class,JK-16090,Consumer,United States,Springfield,Oregon,West,FUR-BO-10001972,Furniture,Bookcases,218
CA-2017-149783,4/9/2017,7/9/2017,Second Class,DL-13315,Consumer,United States,Knoxville,Tennessee,South,OFF-PA-10002195,Office Supplies,Paper,12
CA-2017-125017,6/2/2017,11/2/2017,Standard Class,KB-16240,Corporate,United States,Chattanooga,Tennessee,South,FUR-FU-10000723,Furniture,Furnishings,132
CA-2016-150196,2/7/2016,3/7/2016,First Class,SR-20740,Home Office,United States,New York City,New York,East,OFF-PA-10003797,Office Supplies,Paper,19
CA-2015-115056,2/5/2015,2/5/2015,Same Day,AR-10510,Consumer,United States,Columbus,Ohio,East,OFF-AP-10003971,Office Supplies,Appliances,26
CA-2018-161067,3/9/2018,6/9/2018,Second Class,KB-16405,Home Office,United States,New York City,New York,East,OFF-PA-10000418,Office Supplies,Paper,419
CA-2017-122063,3/12/2017,7/12/2017,Standard Class,MM-17920,Consumer,United States,Richmond,Indiana,Central,FUR-TA-10004575,Furniture,Tables,582
CA-2016-112214,5/8/2016,11/8/2016,Standard Class,AH-10690,Corporate,United States,Dallas,Texas,Central,OFF-ST-10001505,Office Supplies,Storage,33
US-2018-153255,3/9/2018,7/9/2018,Second Class,JK-15730,Consumer,United States,Concord,California,West,FUR-BO-10004218,Furniture,Bookcases,240
CA-2016-108119,1/11/2016,8/11/2016,Standard Class,MS-17530,Consumer,United States,Conway,Arkansas,South,FUR-TA-10002530,Furniture,Tables,302
CA-2017-101525,1/5/2017,4/5/2017,Second Class,CM-12235,Consumer,United States,Little Rock,Arkansas,South,OFF-PA-10001497,Office Supplies,Paper,110
US-2015-117968,5/8/2015,7/8/2015,Second Class,RS-19420,Corporate,United States,Meriden,Connecticut,East,OFF-AP-10002765,Office Supplies,Appliances,79
CA-2017-158211,4/1/2017,8/1/2017,Standard Class,BP-11185,Corporate,United States,Philadelphia,Pennsylvania,East,OFF-AR-10004078,Office Supplies,Art,5
CA-2017-152247,7/11/2017,12/11/2017,Standard Class,MA-17995,Home Office,United States,Cheyenne,Wyoming,West,FUR-CH-10001215,Furniture,Chairs,1603
CA-2018-133095,4/6/2018,4/6/2018,Same Day,EH-14005,Home Office,United States,Jonesboro,Arkansas,South,OFF-BI-10002353,Office Supplies,Binders,108
CA-2016-130554,7/4/2016,9/4/2016,First Class,FM-14290,Home Office,United States,Philadelphia,Pennsylvania,East,OFF-AR-10001954,Office Supplies,Art,12
CA-2017-133319,5/9/2017,11/9/2017,Standard Class,MV-17485,Consumer,United States,New York City,New York,East,OFF-PA-10001815,Office Supplies,Paper,192
CA-2018-151596,8/10/2018,11/10/2018,First Class,BP-11050,Corporate,United States,Cranston,Rhode Island,East,OFF-ST-10001837,Office Supplies,Storage,43
CA-2016-147879,7/5/2016,12/5/2016,Standard Class,CC-12220,Consumer,United States,Owensboro,Kentucky,South,OFF-PA-10001952,Office Supplies,Paper,46
CA-2015-168305,1/11/2015,8/11/2015,Standard Class,PL-18925,Home Office,United States,Los Angeles,California,West,OFF-LA-10003498,Office Supplies,Labels,44
CA-2017-167682,3/4/2017,9/4/2017,Standard Class,ZD-21925,Consumer,United States,Richmond,Indiana,Central,FUR-FU-10003799,Furniture,Furnishings,71
US-2018-153948,6/11/2018,6/11/2018,Same Day,FM-14290,Home Office,United States,San Francisco,California,West,OFF-PA-10000157,Office Supplies,Paper,60
US-2017-113985,2/12/2017,7/12/2017,Standard Class,KD-16495,Corporate,United States,San Jose,California,West,OFF-BI-10002353,Office Supplies,Binders,25
CA-2018-150420,3/6/2018,8/6/2018,Standard Class,GD-14590,Corporate,United States,Bellingham,Washington,West,TEC-AC-10004975,Technology,Accessories,1100
US-2015-118997,8/4/2015,12/4/2015,Standard Class,RA-19885,Corporate,United States,Decatur,Alabama,South,FUR-TA-10001086,Furniture,Tables,1216
US-2018-169551,7/7/2018,9/7/2018,First Class,RL-19615,Consumer,United States,Philadelphia,Pennsylvania,East,FUR-BO-10001519,Furniture,Bookcases,87
CA-2017-103107,4/7/2017,4/7/2017,Same Day,RB-19465,Home Office,United States,Seattle,Washington,West,FUR-FU-10000221,Furniture,Furnishings,25
CA-2018-161046,5/3/2018,5/3/2018,Same Day,CB-12535,Corporate,United States,Southaven,Mississippi,South,OFF-EN-10003862,Office Supplies,Envelopes,43
CA-2018-115105,6/2/2018,11/2/2018,Standard Class,BD-11770,Consumer,United States,New York City,New York,East,FUR-BO-10001811,Furniture,Bookcases,241
CA-2017-162187,11/12/2017,11/12/2017,Same Day,NS-18640,Corporate,United States,Columbus,Ohio,East,OFF-ST-10001558,Office Supplies,Storage,65
CA-2018-107244,7/9/2018,11/9/2018,Standard Class,AG-10390,Consumer,United States,Los Angeles,California,West,FUR-FU-10002597,Furniture,Furnishings,20
CA-2016-100657,2/11/2016,7/11/2016,Standard Class,SW-20245,Consumer,United States,Troy,New York,East,FUR-CH-10003535,Furniture,Chairs,110
CA-2018-129028,1/4/2018,3/4/2018,First Class,GB-14530,Corporate,United States,Florence,South Carolina,South,FUR-FU-10004006,Furniture,Furnishings,128
CA-2017-159016,10/3/2017,11/3/2017,First Class,KF-16285,Home Office,United States,Los Angeles,California,West,OFF-PA-10004405,Office Supplies,Paper,15
CA-2015-102652,6/4/2015,12/4/2015,Standard Class,AY-10555,Corporate,United States,Los Angeles,California,West,FUR-FU-10000747,Furniture,Furnishings,92
CA-2015-152422,5/10/2015,10/10/2015,Second Class,BD-11635,Consumer,United States,Columbus,Ohio,East,OFF-AP-10002892,Office Supplies,Appliances,92
US-2018-152492,6/7/2018,6/7/2018,Same Day,AH-10585,Consumer,United States,Miami,Florida,South,FUR-CH-10000155,Furniture,Chairs,239
CA-2017-131205,4/9/2017,8/9/2017,Standard Class,AA-10645,Consumer,United States,Georgetown,Kentucky,South,FUR-FU-10003347,Furniture,Furnishings,43
CA-2017-117912,4/2/2017,8/2/2017,Standard Class,TB-21520,Consumer,United States,Sierra Vista,Arizona,West,FUR-FU-10002088,Furniture,Furnishings,14
CA-2016-113215,3/9/2016,8/9/2016,Standard Class,CP-12085,Corporate,United States,Tucson,Arizona,West,FUR-FU-10002937,Furniture,Furnishings,238
CA-2016-105571,7/11/2016,11/11/2016,Standard Class,CP-12340,Corporate,United States,Miami,Florida,South,OFF-BI-10003305,Office Supplies,Binders,16
CA-2015-107524,2/3/2015,8/3/2015,Standard Class,KN-16705,Home Office,United States,New York City,New York,East,OFF-EN-10001990,Office Supplies,Envelopes,11
CA-2016-119942,5/4/2016,7/4/2016,First Class,TT-21070,Consumer,United States,Philadelphia,Pennsylvania,East,OFF-LA-10001569,Office Supplies,Labels,24
CA-2017-151561,1/9/2017,7/9/2017,Standard Class,PG-18820,Consumer,United States,New York City,New York,East,TEC-AC-10001432,Technology,Accessories,469
CA-2018-154676,5/8/2018,8/8/2018,First Class,NZ-18565,Home Office,United States,Houston,Texas,Central,OFF-ST-10001172,Office Supplies,Storage,151
CA-2018-152660,4/12/2018,9/12/2018,Standard Class,CB-12415,Consumer,United States,Chicago,Illinois,Central,OFF-ST-10000532,Office Supplies,Storage,62
CA-2018-145772,3/6/2018,7/6/2018,Standard Class,SS-20140,Corporate,United States,Los Angeles,California,West,TEC-AC-10003038,Technology,Accessories,45
CA-2017-146766,4/11/2017,4/11/2017,Same Day,TT-21220,Consumer,United States,Chula Vista,California,West,OFF-AR-10002135,Office Supplies,Art,193
US-2017-106600,8/4/2017,11/4/2017,First Class,RM-19375,Consumer,United States,Columbus,Georgia,South,FUR-BO-10001608,Furniture,Bookcases,355
CA-2018-139437,3/7/2018,8/7/2018,Standard Class,RD-19585,Consumer,United States,Los Angeles,California,West,OFF-ST-10002485,Office Supplies,Storage,88
CA-2017-104150,3/8/2017,5/8/2017,Second Class,AG-10330,Consumer,United States,Tulsa,Oklahoma,Central,OFF-EN-10002504,Office Supplies,Envelopes,82
CA-2017-161025,3/12/2017,9/12/2017,Standard Class,GM-14440,Consumer,United States,Los Angeles,California,West,OFF-ST-10001932,Office Supplies,Storage,773
US-2015-106299,2/8/2015,8/8/2015,Standard Class,NZ-18565,Home Office,United States,Springfield,Missouri,Central,OFF-BI-10001758,Office Supplies,Binders,27
CA-2016-138331,7/8/2016,12/8/2016,Standard Class,JK-15625,Consumer,United States,Philadelphia,Pennsylvania,East,OFF-AR-10002952,Office Supplies,Art,107
CA-2018-157903,4/4/2018,8/4/2018,Standard Class,AM-10705,Consumer,United States,Des Plaines,Illinois,Central,TEC-PH-10004345,Technology,Phones,384
CA-2018-145660,1/12/2018,3/12/2018,First Class,MG-17650,Home Office,United States,Marion,Ohio,East,FUR-FU-10002885,Furniture,Furnishings,8
CA-2016-133445,5/10/2016,9/10/2016,Standard Class,JF-15490,Consumer,United States,Portland,Oregon,West,FUR-BO-10003660,Furniture,Bookcases,66
CA-2015-148782,2/11/2015,7/11/2015,Standard Class,PO-18850,Consumer,United States,Irving,Texas,Central,TEC-PH-10002923,Technology,Phones,89
US-2018-142188,11/9/2018,11/9/2018,Same Day,JF-15415,Consumer,United States,Seattle,Washington,West,FUR-CH-10003199,Furniture,Chairs,178
CA-2015-101147,2/12/2015,4/12/2015,First Class,MC-17575,Consumer,United States,Chicago,Illinois,Central,OFF-AP-10004249,Office Supplies,Appliances,2
CA-2015-165806,7/4/2015,7/4/2015,Same Day,VM-21685,Home Office,United States,Marietta,Georgia,South,OFF-PA-10003441,Office Supplies,Paper,58
CA-2016-133977,6/9/2016,8/9/2016,Second Class,AT-10435,Home Office,United States,Tamarac,Florida,South,OFF-BI-10003166,Office Supplies,Binders,3
CA-2018-141425,2/11/2018,6/11/2018,Second Class,AR-10825,Corporate,United States,Columbus,Ohio,East,OFF-SU-10000646,Office Supplies,Supplies,385
CA-2018-160724,5/5/2018,10/5/2018,Standard Class,YS-21880,Corporate,United States,Columbus,Georgia,South,OFF-BI-10004965,Office Supplies,Binders,34
US-2017-115952,6/10/2017,6/10/2017,Same Day,JH-15910,Consumer,United States,Tulsa,Oklahoma,Central,OFF-BI-10004654,Office Supplies,Binders,29
CA-2015-146731,3/11/2015,8/11/2015,Standard Class,AT-10735,Consumer,United States,Nashville,Tennessee,South,OFF-PA-10000141,Office Supplies,Paper,3
CA-2016-115392,1/10/2016,4/10/2016,Second Class,RM-19675,Home Office,United States,Cambridge,Massachusetts,East,TEC-PH-10002496,Technology,Phones,312
CA-2018-102379,2/12/2018,6/12/2018,Standard Class,BB-11545,Corporate,United States,Oakland,California,West,TEC-PH-10001448,Technology,Phones,40
CA-2018-149706,11/12/2018,12/12/2018,First Class,AS-10285,Corporate,United States,Palatine,Illinois,Central,TEC-AC-10001284,Technology,Accessories,116
CA-2015-100090,8/7/2015,12/7/2015,Standard Class,EB-13705,Corporate,United States,San Francisco,California,West,FUR-TA-10003715,Furniture,Tables,502
CA-2018-143756,2/12/2018,5/12/2018,First Class,ME-17725,Consumer,United States,Salem,Virginia,South,FUR-CH-10001854,Furniture,Chairs,702
US-2015-161305,6/6/2015,12/6/2015,Standard Class,SB-20170,Consumer,United States,Chicago,Illinois,Central,OFF-BI-10002794,Office Supplies,Binders,25
CA-2018-107552,5/5/2018,5/5/2018,Same Day,AI-10855,Consumer,United States,New York City,New York,East,OFF-PA-10002947,Office Supplies,Paper,7
CA-2017-163328,4/11/2017,6/11/2017,Second Class,TP-21565,Corporate,United States,Eugene,Oregon,West,OFF-SU-10002301,Office Supplies,Supplies,18
CA-2015-141299,3/6/2015,7/6/2015,Second Class,RB-19795,Home Office,United States,Midland,Michigan,Central,OFF-EN-10004459,Office Supplies,Envelopes,15
CA-2018-143112,5/10/2018,9/10/2018,Standard Class,TS-21370,Corporate,United States,New York City,New York,East,TEC-PH-10003095,Technology,Phones,88
CA-2016-146255,7/3/2016,10/3/2016,First Class,EM-14140,Home Office,United States,Newark,Delaware,East,TEC-AC-10004469,Technology,Accessories,120
CA-2016-104486,1/5/2016,6/5/2016,Standard Class,PO-18850,Consumer,United States,San Francisco,California,West,OFF-BI-10000309,Office Supplies,Binders,12
CA-2018-161557,3/9/2018,8/9/2018,Standard Class,AG-10900,Consumer,United States,Dallas,Texas,Central,FUR-FU-10004622,Furniture,Furnishings,108
CA-2018-161130,3/11/2018,8/11/2018,Standard Class,BF-11275,Corporate,United States,Miami,Florida,South,TEC-PH-10002549,Technology,Phones,361
US-2016-109015,6/9/2016,12/9/2016,Standard Class,BS-11590,Corporate,United States,New York City,New York,East,OFF-AP-10001962,Office Supplies,Appliances,8
CA-2018-144848,4/4/2018,5/4/2018,First Class,DS-13030,Home Office,United States,New York City,New York,East,TEC-PH-10004006,Technology,Phones,41
CA-2017-103919,3/10/2017,7/10/2017,Standard Class,TP-21565,Corporate,United States,Grand Prairie,Texas,Central,FUR-FU-10001756,Furniture,Furnishings,38
CA-2018-143035,3/10/2018,5/10/2018,Second Class,CC-12430,Home Office,United States,New York City,New York,East,FUR-FU-10001934,Furniture,Furnishings,84
CA-2017-163216,7/10/2017,10/10/2017,First Class,AW-10930,Home Office,United States,Philadelphia,Pennsylvania,East,OFF-LA-10000134,Office Supplies,Labels,5
CA-2016-147529,7/2/2016,11/2/2016,Standard Class,DK-12835,Corporate,United States,Springfield,Virginia,South,OFF-EN-10000056,Office Supplies,Envelopes,311
CA-2018-151981,6/8/2018,12/8/2018,Standard Class,GM-14455,Home Office,United States,Concord,New Hampshire,East,TEC-PH-10003601,Technology,Phones,825
CA-2017-111976,8/3/2017,12/3/2017,Standard Class,BD-11620,Consumer,United States,Philadelphia,Pennsylvania,East,TEC-PH-10002890,Technology,Phones,109
CA-2015-165764,3/11/2015,7/11/2015,Standard Class,SH-20395,Consumer,United States,Jacksonville,North Carolina,South,OFF-ST-10001558,Office Supplies,Storage,26
CA-2015-166891,4/10/2015,6/10/2015,First Class,CC-12220,Consumer,United States,New York City,New York,East,FUR-CH-10003298,Furniture,Chairs,589
CA-2016-151785,5/3/2016,10/3/2016,Standard Class,JJ-15445,Consumer,United States,Chicago,Illinois,Central,OFF-FA-10000611,Office Supplies,Fasteners,7
US-2018-119816,4/3/2018,6/3/2018,Second Class,TT-21460,Home Office,United States,Houston,Texas,Central,FUR-FU-10004848,Furniture,Furnishings,104
CA-2015-110065,5/8/2015,11/8/2015,Standard Class,SP-20650,Corporate,United States,New York City,New York,East,TEC-PH-10002468,Technology,Phones,136
CA-2017-163804,2/12/2017,8/12/2017,Standard Class,DB-13270,Home Office,United States,Providence,Rhode Island,East,OFF-ST-10000142,Office Supplies,Storage,2079
CA-2015-151897,6/6/2015,10/6/2015,Standard Class,VT-21700,Home Office,United States,Houston,Texas,Central,OFF-LA-10001074,Office Supplies,Labels,100
CA-2018-140872,3/6/2018,10/6/2018,Standard Class,NR-18550,Consumer,United States,Pembroke Pines,Florida,South,OFF-BI-10002432,Office Supplies,Binders,5
CA-2018-113908,3/6/2018,9/6/2018,Standard Class,KN-16390,Corporate,United States,New York City,New York,East,FUR-TA-10001932,Furniture,Tables,385
CA-2015-129147,2/11/2015,6/11/2015,Standard Class,LC-17050,Consumer,United States,Medina,Ohio,East,TEC-PH-10001299,Technology,Phones,540
US-2017-128909,9/10/2017,11/10/2017,Second Class,SP-20545,Corporate,United States,Philadelphia,Pennsylvania,East,OFF-PA-10001593,Office Supplies,Paper,19
CA-2018-167640,6/3/2018,10/3/2018,Standard Class,FC-14245,Home Office,United States,San Francisco,California,West,OFF-AR-10003158,Office Supplies,Art,24
US-2018-107384,4/12/2018,8/12/2018,Standard Class,TP-21130,Consumer,United States,Rochester,Minnesota,Central,OFF-AR-10001315,Office Supplies,Art,9
CA-2015-113880,1/3/2015,5/3/2015,Standard Class,VF-21715,Home Office,United States,Elmhurst,Illinois,Central,FUR-CH-10000863,Furniture,Chairs,634
CA-2016-126739,1/11/2016,3/11/2016,Second Class,JH-16180,Consumer,United States,New York City,New York,East,FUR-CH-10000422,Furniture,Chairs,328
CA-2016-166947,5/6/2016,10/6/2016,Standard Class,EB-13750,Corporate,United States,Buffalo,New York,East,FUR-CH-10004997,Furniture,Chairs,1523
CA-2015-166086,7/5/2015,12/5/2015,Standard Class,CT-11995,Consumer,United States,Lawrence,Massachusetts,East,OFF-BI-10001078,Office Supplies,Binders,16
CA-2018-131282,5/2/2018,8/2/2018,Second Class,CB-12025,Consumer,United States,Waco,Texas,Central,OFF-BI-10004632,Office Supplies,Binders,244
CA-2018-123085,3/3/2018,8/3/2018,Standard Class,EJ-13720,Consumer,United States,Los Angeles,California,West,TEC-AC-10000990,Technology,Accessories,1049
CA-2016-153752,6/12/2016,11/12/2016,Second Class,RO-19780,Consumer,United States,Arlington,Virginia,South,TEC-PH-10001615,Technology,Phones,174
CA-2017-148516,7/8/2017,11/8/2017,Standard Class,DW-13585,Corporate,United States,Edmonds,Washington,West,TEC-AC-10003610,Technology,Accessories,180
CA-2016-146290,4/5/2016,11/5/2016,Standard Class,SV-20815,Corporate,United States,Indianapolis,Indiana,Central,OFF-AR-10001897,Office Supplies,Art,126
CA-2015-169257,6/6/2015,12/6/2015,Standard Class,SV-20785,Consumer,United States,Jacksonville,Florida,South,OFF-BI-10002557,Office Supplies,Binders,1
CA-2015-154095,2/12/2015,7/12/2015,Standard Class,ON-18715,Corporate,United States,Clinton,Maryland,East,FUR-FU-10003849,Furniture,Furnishings,61
US-2016-118906,10/3/2016,10/3/2016,Same Day,KB-16585,Corporate,United States,Clinton,Maryland,East,OFF-ST-10002406,Office Supplies,Storage,90
CA-2015-130449,6/9/2015,9/9/2015,First Class,VP-21760,Corporate,United States,San Francisco,California,West,FUR-FU-10001487,Furniture,Furnishings,42
CA-2016-125696,2/10/2016,6/10/2016,Standard Class,NP-18685,Home Office,United States,Wilson,North Carolina,South,OFF-BI-10001757,Office Supplies,Binders,7
US-2017-146857,6/5/2017,8/5/2017,Second Class,BE-11455,Home Office,United States,Springfield,Missouri,Central,OFF-AP-10001205,Office Supplies,Appliances,54
CA-2018-144498,6/5/2018,6/5/2018,Same Day,MB-18085,Consumer,United States,Charlotte,North Carolina,South,OFF-BI-10003982,Office Supplies,Binders,69
CA-2018-128328,5/8/2018,9/8/2018,Standard Class,PO-18865,Consumer,United States,Indianapolis,Indiana,Central,OFF-BI-10001989,Office Supplies,Binders,126
US-2018-124779,8/9/2018,11/9/2018,First Class,BF-11020,Corporate,United States,Arlington,Texas,Central,OFF-BI-10002429,Office Supplies,Binders,43
CA-2016-129322,8/8/2016,10/8/2016,Second Class,DB-13405,Consumer,United States,Lawrence,Massachusetts,East,OFF-AR-10004587,Office Supplies,Art,40
CA-2016-135510,5/9/2016,12/9/2016,Standard Class,TW-21025,Home Office,United States,Charlottesville,Virginia,South,FUR-FU-10000820,Furniture,Furnishings,68
CA-2018-145037,2/9/2018,7/9/2018,Second Class,TB-21055,Consumer,United States,Meriden,Connecticut,East,OFF-ST-10000918,Office Supplies,Storage,11
CA-2018-154466,1/1/2018,2/1/2018,First Class,DP-13390,Home Office,United States,Franklin,Wisconsin,Central,OFF-BI-10002012,Office Supplies,Binders,4
CA-2015-109134,5/11/2015,10/11/2015,Standard Class,DE-13255,Home Office,United States,Los Angeles,California,West,FUR-FU-10000320,Furniture,Furnishings,20
CA-2018-104108,2/12/2018,9/12/2018,Standard Class,RP-19855,Corporate,United States,Houston,Texas,Central,OFF-AR-10000817,Office Supplies,Art,12
US-2017-155103,2/12/2017,7/12/2017,Standard Class,JF-15190,Consumer,United States,New York City,New York,East,OFF-BI-10004318,Office Supplies,Binders,415
CA-2017-149503,9/12/2017,12/12/2017,First Class,SP-20650,Corporate,United States,Stockton,California,West,OFF-BI-10002133,Office Supplies,Binders,274
US-2018-166394,4/9/2018,6/9/2018,Second Class,VM-21835,Consumer,United States,Nashua,New Hampshire,East,OFF-FA-10001843,Office Supplies,Fasteners,15
CA-2017-165827,4/11/2017,9/11/2017,Standard Class,MF-17665,Corporate,United States,Miami,Florida,South,FUR-FU-10001889,Furniture,Furnishings,50
CA-2015-120096,4/7/2015,7/7/2015,First Class,KE-16420,Corporate,United States,Aurora,Colorado,West,OFF-PA-10001977,Office Supplies,Paper,178
US-2018-101784,6/7/2018,11/7/2018,Standard Class,PO-18850,Consumer,United States,Los Angeles,California,West,FUR-CH-10001146,Furniture,Chairs,122
CA-2018-165715,2/12/2018,8/12/2018,Standard Class,BG-11035,Consumer,United States,Greensboro,North Carolina,South,OFF-AR-10003903,Office Supplies,Art,33
CA-2017-144764,2/9/2017,8/9/2017,Standard Class,RL-19615,Consumer,United States,Chicago,Illinois,Central,OFF-LA-10000240,Office Supplies,Labels,29
CA-2017-119018,4/11/2017,8/11/2017,Standard Class,CW-11905,Home Office,United States,Los Angeles,California,West,OFF-BI-10003314,Office Supplies,Binders,8
US-2017-152373,5/9/2017,11/9/2017,Standard Class,PT-19090,Consumer,United States,San Antonio,Texas,Central,OFF-ST-10003479,Office Supplies,Storage,93
US-2017-147711,3/9/2017,8/9/2017,Second Class,HF-14995,Consumer,United States,Baltimore,Maryland,East,FUR-BO-10003159,Furniture,Bookcases,345
CA-2016-161445,7/9/2016,9/9/2016,Second Class,CC-12610,Corporate,United States,Durham,North Carolina,South,OFF-AR-10001953,Office Supplies,Art,141
CA-2015-152233,5/10/2015,6/10/2015,First Class,KH-16510,Consumer,United States,Pomona,California,West,TEC-AC-10002800,Technology,Accessories,100
US-2018-115609,2/11/2018,7/11/2018,Standard Class,CS-12505,Consumer,United States,Los Angeles,California,West,OFF-AP-10003040,Office Supplies,Appliances,168
CA-2017-118689,2/10/2017,9/10/2017,Standard Class,TC-20980,Corporate,United States,Lafayette,Indiana,Central,OFF-ST-10001558,Office Supplies,Storage,32
CA-2017-153101,8/9/2017,8/9/2017,Same Day,PJ-19015,Consumer,United States,Santa Ana,California,West,FUR-TA-10003008,Furniture,Tables,146
CA-2016-116260,6/7/2016,12/7/2016,Standard Class,BF-10975,Corporate,United States,Vineland,New Jersey,East,OFF-AR-10003732,Office Supplies,Art,11
CA-2018-107517,5/2/2018,9/2/2018,Standard Class,FC-14335,Corporate,United States,Torrance,California,West,OFF-AP-10000275,Office Supplies,Appliances,1641
CA-2016-166338,6/12/2016,7/12/2016,First Class,MP-18175,Home Office,United States,Troy,Ohio,East,OFF-BI-10002852,Office Supplies,Binders,15
CA-2015-147543,6/7/2015,12/7/2015,Standard Class,BC-11125,Home Office,United States,El Cajon,California,West,FUR-CH-10000155,Furniture,Chairs,478
US-2017-100461,8/1/2017,12/1/2017,Standard Class,JO-15145,Corporate,United States,Franklin,Wisconsin,Central,FUR-BO-10002545,Furniture,Bookcases,1566
CA-2018-138618,1/12/2018,8/12/2018,Standard Class,MY-17380,Corporate,United States,San Antonio,Texas,Central,OFF-PA-10000520,Office Supplies,Paper,10
CA-2017-145009,5/12/2017,8/12/2017,Second Class,RF-19345,Corporate,United States,Chicago,Illinois,Central,OFF-LA-10004853,Office Supplies,Labels,12
US-2017-121013,5/9/2017,10/9/2017,Standard Class,MM-17920,Consumer,United States,Chesapeake,Virginia,South,OFF-LA-10004545,Office Supplies,Labels,25
CA-2016-137113,1/12/2016,5/12/2016,Second Class,TW-21025,Home Office,United States,Seattle,Washington,West,FUR-CH-10001215,Furniture,Chairs,2004
CA-2016-140557,7/9/2016,11/9/2016,Standard Class,TN-21040,Home Office,United States,New York City,New York,East,TEC-AC-10002402,Technology,Accessories,560
CA-2018-111220,2/9/2018,8/9/2018,Standard Class,JS-15595,Corporate,United States,Chicago,Illinois,Central,OFF-FA-10002280,Office Supplies,Fasteners,16
US-2018-149006,6/12/2018,8/12/2018,Second Class,BN-11470,Corporate,United States,Brentwood,California,West,OFF-ST-10003221,Office Supplies,Storage,11
CA-2018-168942,1/8/2018,5/8/2018,Second Class,EM-13960,Consumer,United States,San Francisco,California,West,OFF-ST-10004340,Office Supplies,Storage,187
US-2018-128398,2/5/2018,5/5/2018,Second Class,EM-13825,Corporate,United States,Los Angeles,California,West,TEC-AC-10001714,Technology,Accessories,160
CA-2018-109211,4/4/2018,10/4/2018,Standard Class,PS-19045,Home Office,United States,New York City,New York,East,OFF-EN-10001532,Office Supplies,Envelopes,17
CA-2017-129847,2/9/2017,4/9/2017,First Class,TA-21385,Home Office,United States,Chicago,Illinois,Central,FUR-FU-10000277,Furniture,Furnishings,84
CA-2017-125094,5/11/2017,9/11/2017,Standard Class,NP-18700,Consumer,United States,Seattle,Washington,West,TEC-AC-10004420,Technology,Accessories,480
CA-2016-129917,2/10/2016,3/10/2016,First Class,HM-14980,Consumer,United States,Los Angeles,California,West,OFF-BI-10001757,Office Supplies,Binders,12
CA-2018-162096,10/11/2018,10/11/2018,Same Day,TB-21190,Home Office,United States,Riverside,California,West,OFF-AR-10002221,Office Supplies,Art,8
CA-2015-146990,7/11/2015,8/11/2015,First Class,BP-11095,Corporate,United States,New York City,New York,East,OFF-FA-10000611,Office Supplies,Fasteners,6
CA-2017-116526,1/9/2017,5/9/2017,Standard Class,JA-15970,Consumer,United States,Detroit,Michigan,Central,OFF-BI-10004728,Office Supplies,Binders,24
CA-2016-141740,1/11/2016,5/11/2016,Standard Class,JF-15490,Consumer,United States,New York City,New York,East,FUR-CH-10001545,Furniture,Chairs,205
CA-2018-141201,9/12/2018,11/12/2018,Second Class,DB-12910,Home Office,United States,Salinas,California,West,FUR-BO-10001519,Furniture,Bookcases,148
US-2018-101840,6/2/2018,12/2/2018,Standard Class,SP-20545,Corporate,United States,New York City,New York,East,TEC-PH-10002538,Technology,Phones,227
CA-2015-124618,2/5/2015,4/5/2015,Second Class,CS-11860,Consumer,United States,Lakeland,Florida,South,TEC-CO-10004202,Technology,Copiers,480
CA-2017-160136,3/11/2017,9/11/2017,Standard Class,PJ-18835,Corporate,United States,Dallas,Texas,Central,OFF-PA-10002160,Office Supplies,Paper,9
CA-2015-150581,8/4/2015,12/4/2015,Standard Class,NM-18445,Home Office,United States,Concord,California,West,FUR-TA-10003748,Furniture,Tables,100
CA-2017-165330,11/12/2017,11/12/2017,Same Day,WB-21850,Consumer,United States,Anaheim,California,West,OFF-BI-10004593,Office Supplies,Binders,210
CA-2016-132633,3/2/2016,5/2/2016,Second Class,KH-16630,Corporate,United States,Pleasant Grove,Utah,West,OFF-BI-10002432,Office Supplies,Binders,12
CA-2018-169474,4/2/2018,9/2/2018,Standard Class,JF-15355,Consumer,United States,Rochester,New York,East,OFF-AP-10003971,Office Supplies,Appliances,33
CA-2015-106726,6/12/2015,8/12/2015,First Class,RS-19765,Corporate,United States,Los Angeles,California,West,OFF-ST-10001496,Office Supplies,Storage,1261
CA-2017-164490,5/9/2017,10/9/2017,Second Class,SU-20665,Home Office,United States,Chicago,Illinois,Central,OFF-PA-10004971,Office Supplies,Paper,9
CA-2017-106950,2/9/2017,6/9/2017,Standard Class,JE-15715,Consumer,United States,Charlotte,North Carolina,South,OFF-BI-10000014,Office Supplies,Binders,23
US-2018-143175,3/8/2018,6/8/2018,Second Class,GA-14515,Consumer,United States,Los Angeles,California,West,OFF-ST-10003123,Office Supplies,Storage,100
CA-2018-144596,6/11/2018,10/11/2018,Standard Class,CD-11980,Consumer,United States,New York City,New York,East,OFF-PA-10003302,Office Supplies,Paper,319
CA-2017-144337,1/8/2017,5/8/2017,Second Class,SG-20890,Corporate,United States,Amarillo,Texas,Central,OFF-PA-10000249,Office Supplies,Paper,20
CA-2018-147410,4/9/2018,8/9/2018,Standard Class,EJ-14155,Consumer,United States,Santa Ana,California,West,OFF-ST-10003805,Office Supplies,Storage,421
US-2017-102239,5/5/2017,6/5/2017,First Class,LW-16990,Corporate,United States,Henderson,Nevada,West,FUR-TA-10003392,Furniture,Tables,1686
CA-2018-166926,1/12/2018,8/12/2018,Standard Class,SO-20335,Consumer,United States,Seattle,Washington,West,OFF-PA-10001593,Office Supplies,Paper,42
CA-2018-128783,7/9/2018,7/9/2018,Same Day,TG-21640,Consumer,United States,Saint Charles,Missouri,Central,TEC-AC-10002473,Technology,Accessories,114
CA-2015-138709,4/7/2015,9/7/2015,Standard Class,MS-17770,Consumer,United States,Richmond,Virginia,South,OFF-PA-10004734,Office Supplies,Paper,22
CA-2018-133067,4/5/2018,10/5/2018,Standard Class,MY-18295,Corporate,United States,Philadelphia,Pennsylvania,East,OFF-BI-10002897,Office Supplies,Binders,2
CA-2015-106054,6/1/2015,7/1/2015,First Class,JO-15145,Corporate,United States,Athens,Georgia,South,OFF-AR-10002399,Office Supplies,Art,13
CA-2017-116918,1/10/2017,6/10/2017,Second Class,JK-15205,Consumer,United States,Hialeah,Florida,South,OFF-BI-10004140,Office Supplies,Binders,5
CA-2018-137414,2/10/2018,6/10/2018,Standard Class,CM-12115,Consumer,United States,San Francisco,California,West,FUR-FU-10001424,Furniture,Furnishings,17
US-2017-119046,2/6/2017,6/6/2017,Standard Class,EH-13765,Corporate,United States,Seattle,Washington,West,OFF-PA-10000246,Office Supplies,Paper,30
CA-2016-150770,3/5/2016,6/5/2016,First Class,LC-16870,Consumer,United States,San Francisco,California,West,OFF-AR-10001246,Office Supplies,Art,9
CA-2018-113075,2/9/2018,6/9/2018,Standard Class,MC-18100,Consumer,United States,Chicago,Illinois,Central,TEC-AC-10003441,Technology,Accessories,41
CA-2017-137337,8/3/2017,12/3/2017,Standard Class,GB-14575,Consumer,United States,New York City,New York,East,FUR-FU-10003347,Furniture,Furnishings,114
CA-2015-138737,7/12/2015,10/12/2015,First Class,FP-14320,Consumer,United States,Los Angeles,California,West,OFF-AR-10003190,Office Supplies,Art,9
CA-2017-164924,10/7/2017,10/7/2017,Same Day,EA-14035,Corporate,United States,Philadelphia,Pennsylvania,East,TEC-MA-10000904,Technology,Machines,342
US-2015-127978,3/3/2015,8/3/2015,Standard Class,JS-15595,Corporate,United States,Columbus,Ohio,East,OFF-LA-10000305,Office Supplies,Labels,15
CA-2016-158491,4/6/2016,9/6/2016,Second Class,BP-11155,Consumer,United States,Los Angeles,California,West,TEC-AC-10001874,Technology,Accessories,120
CA-2015-120670,2/11/2015,6/11/2015,Standard Class,JK-16120,Home Office,United States,Fort Lauderdale,Florida,South,TEC-AC-10004171,Technology,Accessories,800
CA-2015-158281,2/9/2015,7/9/2015,Standard Class,AG-10525,Corporate,United States,Houston,Texas,Central,TEC-MA-10002210,Technology,Machines,560
CA-2018-109183,4/12/2018,9/12/2018,Standard Class,LR-16915,Consumer,United States,Nashville,Tennessee,South,TEC-MA-10001856,Technology,Machines,649
CA-2015-111899,4/5/2015,5/5/2015,First Class,NC-18340,Consumer,United States,Houston,Texas,Central,OFF-AR-10001725,Office Supplies,Art,38
US-2018-117450,4/9/2018,8/9/2018,Standard Class,DO-13645,Consumer,United States,Boynton Beach,Florida,South,FUR-CH-10003817,Furniture,Chairs,97
CA-2017-144092,5/11/2017,7/11/2017,Second Class,LH-17155,Consumer,United States,San Jose,California,West,TEC-AC-10002305,Technology,Accessories,72
CA-2018-167626,3/9/2018,7/9/2018,Standard Class,MY-18295,Corporate,United States,Chicago,Illinois,Central,OFF-PA-10003424,Office Supplies,Paper,9
US-2018-126053,5/12/2018,8/12/2018,First Class,CS-11950,Consumer,United States,New York City,New York,East,FUR-FU-10001934,Furniture,Furnishings,42
CA-2015-130421,3/3/2015,7/3/2015,Standard Class,SC-20020,Consumer,United States,Houston,Texas,Central,OFF-AP-10002534,Office Supplies,Appliances,177
CA-2016-110345,9/3/2016,11/3/2016,Second Class,TG-21310,Consumer,United States,Raleigh,North Carolina,South,OFF-LA-10001175,Office Supplies,Labels,5
US-2018-123862,7/1/2018,9/1/2018,Second Class,JF-15190,Consumer,United States,Long Beach,California,West,OFF-ST-10000760,Office Supplies,Storage,154
